<?xml version="1.0" encoding="UTF-8"?>
<jcr:root xmlns:sling="http://sling.apache.org/jcr/sling/1.0"
          xmlns:cq="http://www.day.com/jcr/cq/1.0"
          xmlns:jcr="http://www.jcp.org/jcr/1.0"
          xmlns:nt="http://www.jcp.org/jcr/nt/1.0"
          jcr:primaryType="cq:Dialog"
          jcr:title="Intention Modal Options"
          xtype="dialog">
  <items
    jcr:primaryType="cq:WidgetCollection">
    <tabs
      jcr:primaryType="cq:Dialog"
      xtype="tabpanel">
      <items jcr:primaryType="cq:WidgetCollection">
        <toggles
          jcr:primaryType="cq:Panel"
          title="Toggles">
          <items jcr:primaryType="cq:WidgetCollection">

            <toggleaal
              jcr:primaryType="cq:Widget"
              fieldLabel="Toggle Add A Line"
              name="./toggleaal"
              value="false"
              defaultValue="false"
              checkboxBoolTypeHint="{Boolean}true"
              type="checkbox"
              xtype="selection"/>
          </items>
        </toggles>

        <unauthenticatedcontent
          jcr:primaryType="cq:Panel"
          title="Unauthenticated Content">
          <items jcr:primaryType="cq:WidgetCollection">
            <unauthenticatedheading
              jcr:primaryType="cq:Widget"
              xtype="textfield"
              fieldLabel="Unauthenticated Heading"
              name="./unauthenticatedheading"
              required="{Boolean}true"/>
            <unauthenticatedyessubheading
              jcr:primaryType="cq:Widget"
              xtype="textfield"
              fieldLabel="Unauthenticated Yes Sub Heading"
              name="./unauthenticatedyessubheading"
              required="{Boolean}true"/>
            <unauthenticatednosubheading
              jcr:primaryType="cq:Widget"
              xtype="textfield"
              fieldLabel="Unauthenticated No Sub Heading"
              name="./unauthenticatednosubheading"
              required="{Boolean}true"/>
            <unauthenticatedaaltext
              jcr:primaryType="cq:Widget"
              xtype="textfield"
              fieldLabel="Unauthenticated Add A Line Text"
              name="./unauthenticatedaaltext"
              required="{Boolean}true"/>
            <unauthenticatedupgtext
              jcr:primaryType="cq:Widget"
              xtype="textfield"
              fieldLabel="Unauthenticated Upgrade Text"
              name="./unauthenticatedupgtext"
              required="{Boolean}true"/>
            <unauthenticatedcontinuetext
              jcr:primaryType="cq:Widget"
              xtype="textfield"
              fieldLabel="Unauthenticated Continue Text"
              name="./unauthenticatedcontinuetext"
              required="{Boolean}true"/>
          </items>
        </unauthenticatedcontent>

        <authenticatedcontent
          jcr:primaryType="cq:Panel"
          title="Authenticated Content">
          <items jcr:primaryType="cq:WidgetCollection">
            <authenticatedheading
              jcr:primaryType="cq:Widget"
              xtype="textfield"
              fieldLabel="Authenticated Heading"
              name="./authenticatedheading"
              required="{Boolean}true"/>
            <authenticatedaaltext
              jcr:primaryType="cq:Widget"
              xtype="textfield"
              fieldLabel="Authenticated Add A Line Text"
              name="./authenticatedaaltext"
              required="{Boolean}true"/>
            <authenticatedupgtext
              jcr:primaryType="cq:Widget"
              xtype="textfield"
              fieldLabel="Authenticated Upgrade Text"
              name="./authenticatedupgtext"
              required="{Boolean}true"/>
          </items>
        </authenticatedcontent>

        <urls
          jcr:primaryType="cq:Panel"
          title="URLS">
          <items jcr:primaryType="cq:WidgetCollection">
            <aalUrl
              fieldLabel="AAL URL"
              jcr:primaryType="nt:unstructured"
              name="./aalUrl"
              rootPath="/content/sprint/sprint_com"
              xtype="pathfield"/>
            <upgradeStepOneUrl
              fieldLabel="Upgrade Step One URL"
              jcr:primaryType="nt:unstructured"
              name="./upgradeStepOneUrl"
              rootPath="/content/sprint/sprint_com"
              xtype="pathfield"/>
            <calltoorder
              fieldLabel="Call To Order URL"
              jcr:primaryType="nt:unstructured"
              name="./calltoorder"
              rootPath="/content/sprint/sprint_com"
              xtype="pathfield"/>
            <calltoordertext
              jcr:primaryType="cq:Widget"
              xtype="textfield"
              fieldDescription="Please Provide Text"
              fieldLabel="Call To Order Text"
              name="./calltoordertext"
              required="{Boolean}true"/>
          </items>
        </urls>
      </items>
    </tabs>
  </items>
</jcr:root>
