<?xml version="1.0" encoding="UTF-8"?>
<jcr:root xmlns:sling="http://sling.apache.org/jcr/sling/1.0" xmlns:cq="http://www.day.com/jcr/cq/1.0" xmlns:jcr="http://www.jcp.org/jcr/1.0" xmlns:nt="http://www.jcp.org/jcr/nt/1.0"
    jcr:primaryType="nt:unstructured"
    sling:resourceType="cq/gui/components/authoring/dialog">
    <content
        jcr:primaryType="nt:unstructured"
        sling:resourceType="granite/ui/components/foundation/container">
        <layout
            jcr:primaryType="nt:unstructured"
            sling:resourceType="granite/ui/components/foundation/layouts/tabs"
            type="nav"/>
        <items jcr:primaryType="nt:unstructured">
            <atgendpoint
                jcr:primaryType="nt:unstructured"
                jcr:title="ATG Integration API Endpoints"
                sling:resourceType="granite/ui/components/foundation/section">
                <layout
                    jcr:primaryType="nt:unstructured"
                    sling:resourceType="granite/ui/components/foundation/layouts/fixedcolumns"/>
                <items jcr:primaryType="nt:unstructured">
                    <column
                        jcr:primaryType="nt:unstructured"
                        sling:resourceType="granite/ui/components/foundation/container">
                        <items jcr:primaryType="nt:unstructured">
                            <fieldset
                                jcr:primaryType="nt:unstructured"
                                sling:resourceType="granite/ui/components/foundation/form/fieldset">
                                <layout
                                    jcr:primaryType="nt:unstructured"
                                    sling:resourceType="granite/ui/components/foundation/layouts/fixedcolumns"/>
                                <items jcr:primaryType="nt:unstructured">
                                    <column
                                        jcr:primaryType="nt:unstructured"
                                        sling:resourceType="granite/ui/components/foundation/container">
                                        <items jcr:primaryType="nt:unstructured">
                                            <dashboard
                                                jcr:primaryType="nt:unstructured"
                                                sling:resourceType="granite/ui/components/foundation/form/textfield"
                                                fieldDescription="Enter Dashboard name"
                                                fieldLabel="ATG Dashboard"
                                                name="./atgDashboard"/>
                                            <endpoints
                                                jcr:primaryType="nt:unstructured"
                                                sling:resourceType="granite/ui/components/foundation/form/multifield"
                                                class="full-width"
                                                fieldDescription="Click '+' to add a new ATG endpoint"
                                                fieldLabel="ATG Endpoints">
                                                <field
                                                    jcr:primaryType="nt:unstructured"
                                                    sling:resourceType="granite/ui/components/foundation/form/fieldset"
                                                    acs-commons-nested="JSON_STORE"
                                                    name="./atgItems">
                                                    <layout
                                                        jcr:primaryType="nt:unstructured"
                                                        sling:resourceType="granite/ui/components/foundation/layouts/fixedcolumns"
                                                        method="absolute"/>
                                                    <items jcr:primaryType="nt:unstructured">
                                                        <column
                                                            jcr:primaryType="nt:unstructured"
                                                            sling:resourceType="granite/ui/components/foundation/container">
                                                            <items jcr:primaryType="nt:unstructured">
                                                                <key
                                                                    jcr:primaryType="nt:unstructured"
                                                                    sling:resourceType="granite/ui/components/foundation/form/textfield"
                                                                    fieldDescription="Enter ATG Endpoint Name"
                                                                    fieldLabel="ATG Endpoint Name"
                                                                    name="./endpointname"/>
                                                                <value
                                                                    jcr:primaryType="nt:unstructured"
                                                                    sling:resourceType="granite/ui/components/foundation/form/textfield"
                                                                    fieldDescription="Enter ATG Endpoint URL"
                                                                    fieldLabel="ATG Endpoint URL"
                                                                    name="./endpointurl"/>
                                                            </items>
                                                        </column>
                                                    </items>
                                                </field>
                                            </endpoints>
                                        </items>
                                    </column>
                                </items>
                            </fieldset>
                        </items>
                    </column>
                </items>
            </atgendpoint>
            <appendpoints
                jcr:primaryType="nt:unstructured"
                jcr:title="AEM Content Data for App Endpoint"
                sling:resourceType="granite/ui/components/foundation/section">
                <layout
                    jcr:primaryType="nt:unstructured"
                    sling:resourceType="granite/ui/components/foundation/layouts/fixedcolumns"/>
                <items jcr:primaryType="nt:unstructured">
                    <column
                        jcr:primaryType="nt:unstructured"
                        sling:resourceType="granite/ui/components/foundation/container">
                        <items jcr:primaryType="nt:unstructured">
                            <fieldset
                                jcr:primaryType="nt:unstructured"
                                sling:resourceType="granite/ui/components/foundation/form/fieldset">
                                <layout
                                    jcr:primaryType="nt:unstructured"
                                    sling:resourceType="granite/ui/components/foundation/layouts/fixedcolumns"/>
                                <items jcr:primaryType="nt:unstructured">
                                    <column
                                        jcr:primaryType="nt:unstructured"
                                        sling:resourceType="granite/ui/components/foundation/container">
                                        <items jcr:primaryType="nt:unstructured">
                                            <dashboard
                                                jcr:primaryType="nt:unstructured"
                                                sling:resourceType="granite/ui/components/foundation/form/textfield"
                                                fieldDescription="Enter App Dashboard name"
                                                fieldLabel="Dashboard"
                                                name="./appDashboard"/>
						                    <familyIds
						                        jcr:primaryType="nt:unstructured"
						                        sling:resourceType="granite/ui/components/foundation/form/multifield"
						                        fieldLabel="Group Ids">
						                        <field
						                            jcr:primaryType="nt:unstructured"
						                            sling:resourceType="granite/ui/components/foundation/form/fieldset"
						                            acs-commons-nested="JSON_STORE"
						                            name="./familyIdlist">
						                            <layout
						                                jcr:primaryType="nt:unstructured"
						                                sling:resourceType="granite/ui/components/foundation/layouts/fixedcolumns"
						                                method="absolute"/>
						                            <items jcr:primaryType="nt:unstructured">
						                                <column
						                                    jcr:primaryType="nt:unstructured"
						                                    sling:resourceType="granite/ui/components/foundation/container">
						                                    <items jcr:primaryType="nt:unstructured">
						                                        <familyId
						                                            jcr:primaryType="nt:unstructured"
						                                            sling:resourceType="granite/ui/components/foundation/form/textfield"
						                                            fieldLabel="Group ID"
						                                            name="./familyId"
						                                            required="{Boolean}true"/>
						                                    </items>
						                                </column>
						                            </items>
						                        </field>
						                    </familyIds>
						                    <legalcopytext
						                        jcr:primaryType="nt:unstructured"
						                        sling:resourceType="granite/ui/components/foundation/form/textarea"
						                        fieldLabel="Legal Copy Text"
						                        name="./legalcopytext"/>
                                        </items>
                                    </column>
                                </items>
                            </fieldset>
                        </items>
                    </column>
                </items>
            </appendpoints>
        </items>
    </content>
</jcr:root>