<?xml version="1.0" encoding="UTF-8"?>
<jcr:root xmlns:sling="http://sling.apache.org/jcr/sling/1.0" xmlns:cq="http://www.day.com/jcr/cq/1.0" xmlns:jcr="http://www.jcp.org/jcr/1.0" xmlns:nt="http://www.jcp.org/jcr/nt/1.0"
    jcr:primaryType="nt:unstructured"
    sling:resourceType="cq/gui/components/authoring/dialog"
    jcr:title="Device Tab Configuration"
    helpPath="en/cq/current/wcm/default_components.html#Image">
    <content
        jcr:primaryType="nt:unstructured"
        sling:resourceType="granite/ui/components/foundation/container">
        <layout
            jcr:primaryType="nt:unstructured"
            sling:resourceType="granite/ui/components/foundation/layouts/tabs"
            type="nav"/>
        <items jcr:primaryType="nt:unstructured">
            <tab1
                jcr:primaryType="nt:unstructured"
                jcr:title="Overview"
                sling:resourceType="granite/ui/components/foundation/container">
                <layout
                    jcr:primaryType="nt:unstructured"
                    sling:resourceType="granite/ui/components/foundation/layouts/fixedcolumns"/>
                <items jcr:primaryType="nt:unstructured">
                    <columns
                        jcr:primaryType="nt:unstructured"
                        sling:resourceType="granite/ui/components/foundation/container">
                        <items jcr:primaryType="nt:unstructured">
                            <display-taboverview
                                jcr:primaryType="nt:unstructured"
                                sling:resourceType="granite/ui/components/foundation/form/checkbox"
                                fieldDescription="Check this to hide Overview tab"
                                name="./hideTabOverview"
                                text="Hide Overview tab?"
                                value="{Boolean}true"/>
                            <tabtitleoverview
                                jcr:primaryType="nt:unstructured"
                                sling:resourceType="granite/ui/components/foundation/form/textfield"
                                fieldDescription="Override the default Overview tab title"
                                fieldLabel="Overview Tab Title"
                                name="./tabtitleoverview"/>
                        </items>
                    </columns>
                </items>
            </tab1>
            <tab2
                jcr:primaryType="nt:unstructured"
                jcr:title="Spec"
                sling:resourceType="granite/ui/components/foundation/container">
                <layout
                    jcr:primaryType="nt:unstructured"
                    sling:resourceType="granite/ui/components/foundation/layouts/fixedcolumns"/>
                <items jcr:primaryType="nt:unstructured">
                    <columns
                        jcr:primaryType="nt:unstructured"
                        sling:resourceType="granite/ui/components/foundation/container">
                        <items jcr:primaryType="nt:unstructured">
                            <display-tabspec
                                jcr:primaryType="nt:unstructured"
                                sling:resourceType="granite/ui/components/foundation/form/checkbox"
                                fieldDescription="Check this to hide Spec tab"
                                name="./hideTabSpec"
                                text="Hide Spec tab?"
                                value="{Boolean}true"/>
                            <tabtitlespec
                                jcr:primaryType="nt:unstructured"
                                sling:resourceType="granite/ui/components/foundation/form/textfield"
                                fieldDescription="Override the default Spec tab title"
                                fieldLabel="Spec Tab Title"
                                name="./tabtitlespec"/>
                        </items>
                    </columns>
                </items>
            </tab2>
            <tab3
                jcr:primaryType="nt:unstructured"
                jcr:title="Review"
                sling:resourceType="granite/ui/components/foundation/container">
                <layout
                    jcr:primaryType="nt:unstructured"
                    sling:resourceType="granite/ui/components/foundation/layouts/fixedcolumns"/>
                <items jcr:primaryType="nt:unstructured">
                    <columns
                        jcr:primaryType="nt:unstructured"
                        sling:resourceType="granite/ui/components/foundation/container">
                        <items jcr:primaryType="nt:unstructured">
                            <display-tabreview
                                jcr:primaryType="nt:unstructured"
                                sling:resourceType="granite/ui/components/foundation/form/checkbox"
                                fieldDescription="Check this to hide Review tab"
                                name="./hideTabReview"
                                text="Hide Review tab?"
                                value="{Boolean}true"/>
                            <tabtitlereview
                                jcr:primaryType="nt:unstructured"
                                sling:resourceType="granite/ui/components/foundation/form/textfield"
                                fieldDescription="Override the default Review tab title"
                                fieldLabel="Review Tab Title"
                                name="./tabtitlereview"/>
                        </items>
                    </columns>
                </items>
            </tab3>
            <tab4
                jcr:primaryType="nt:unstructured"
                jcr:title="Coverage"
                sling:resourceType="granite/ui/components/foundation/container">
                <layout
                    jcr:primaryType="nt:unstructured"
                    sling:resourceType="granite/ui/components/foundation/layouts/fixedcolumns"/>
                <items jcr:primaryType="nt:unstructured">
                    <columns
                        jcr:primaryType="nt:unstructured"
                        sling:resourceType="granite/ui/components/foundation/container">
                        <items jcr:primaryType="nt:unstructured">
                            <display-tabreview
                                jcr:primaryType="nt:unstructured"
                                sling:resourceType="granite/ui/components/foundation/form/checkbox"
                                fieldDescription="Check this to hide Coverage tab"
                                name="./hideTabCoverage"
                                text="Hide Coverage tab?"
                                value="{Boolean}true"/>
                            <tabtitlereview
                                jcr:primaryType="nt:unstructured"
                                sling:resourceType="granite/ui/components/foundation/form/textfield"
                                fieldDescription="Override the default Coverage tab title"
                                fieldLabel="Coverage Tab Title"
                                name="./tabtitlecoverage"/>
                        </items>
                    </columns>
                </items>
            </tab4>
            <tab5
                jcr:primaryType="nt:unstructured"
                jcr:title="OS"
                sling:resourceType="granite/ui/components/foundation/container">
                <layout
                    jcr:primaryType="nt:unstructured"
                    sling:resourceType="granite/ui/components/foundation/layouts/fixedcolumns"/>
                <items jcr:primaryType="nt:unstructured">
                    <columns
                        jcr:primaryType="nt:unstructured"
                        sling:resourceType="granite/ui/components/foundation/container">
                        <items jcr:primaryType="nt:unstructured">
                            <display-tabreview
                                jcr:primaryType="nt:unstructured"
                                sling:resourceType="granite/ui/components/foundation/form/checkbox"
                                fieldDescription="Check this to hide OS tab"
                                name="./hideTabOS"
                                text="Hide OS tab?"
                                value="{Boolean}true"/>
                            <tabtitlereview
                                jcr:primaryType="nt:unstructured"
                                sling:resourceType="granite/ui/components/foundation/form/textfield"
                                fieldDescription="Override the default OS tab title"
                                fieldLabel="OS Tab Title"
                                name="./tabtitleos"/>
                        </items>
                    </columns>
                </items>
            </tab5>
            <tab6
                jcr:primaryType="nt:unstructured"
                jcr:title="Wi-Fi"
                sling:resourceType="granite/ui/components/foundation/container">
                <layout
                    jcr:primaryType="nt:unstructured"
                    sling:resourceType="granite/ui/components/foundation/layouts/fixedcolumns"/>
                <items jcr:primaryType="nt:unstructured">
                    <columns
                        jcr:primaryType="nt:unstructured"
                        sling:resourceType="granite/ui/components/foundation/container">
                        <items jcr:primaryType="nt:unstructured">
                            <display-tabreview
                                jcr:primaryType="nt:unstructured"
                                sling:resourceType="granite/ui/components/foundation/form/checkbox"
                                fieldDescription="Check this to hide Wi-Fi tab"
                                name="./hideTabWifi"
                                text="Hide Wi-Fi tab?"
                                value="{Boolean}true"/>
                            <tabtitlereview
                                jcr:primaryType="nt:unstructured"
                                sling:resourceType="granite/ui/components/foundation/form/textfield"
                                fieldDescription="Override the default Wi-Fi tab title"
                                fieldLabel="Wi-Fi Tab Title"
                                name="./tabtitlewifi"/>
                        </items>
                    </columns>
                </items>
            </tab6>
            <tab7
                jcr:primaryType="nt:unstructured"
                jcr:title="What's in the box"
                sling:resourceType="granite/ui/components/foundation/container">
                <layout
                    jcr:primaryType="nt:unstructured"
                    sling:resourceType="granite/ui/components/foundation/layouts/fixedcolumns"/>
                <items jcr:primaryType="nt:unstructured">
                    <columns
                        jcr:primaryType="nt:unstructured"
                        sling:resourceType="granite/ui/components/foundation/container">
                        <items jcr:primaryType="nt:unstructured">
                            <display-tabreview
                                jcr:primaryType="nt:unstructured"
                                sling:resourceType="granite/ui/components/foundation/form/checkbox"
                                fieldDescription="Check this to hide What's in the box tab"
                                name="./hideTabBox"
                                text="Hide What's in the box tab?"
                                value="{Boolean}true"/>
                            <tabtitlereview
                                jcr:primaryType="nt:unstructured"
                                sling:resourceType="granite/ui/components/foundation/form/textfield"
                                fieldDescription="Override the default What's in the box tab title"
                                fieldLabel="What's in the box Tab Title"
                                name="./tabtitlebox"/>
                        </items>
                    </columns>
                </items>
            </tab7>
        </items>
    </content>
</jcr:root>


