<?xml version="1.0" encoding="UTF-8"?>
<jcr:root xmlns:sling="http://sling.apache.org/jcr/sling/1.0" xmlns:cq="http://www.day.com/jcr/cq/1.0"
    xmlns:jcr="http://www.jcp.org/jcr/1.0" xmlns:nt="http://www.jcp.org/jcr/nt/1.0"
    jcr:primaryType="nt:unstructured"
    jcr:title="Device Tile Wall"
    sling:resourceType="cq/gui/components/authoring/dialog"
    helpPath="en/cq/current/wcm/default_components.html#Image">
    <content
        jcr:primaryType="nt:unstructured"
        sling:resourceType="granite/ui/components/foundation/container">
        <layout
            jcr:primaryType="nt:unstructured"
            sling:resourceType="granite/ui/components/foundation/layouts/tabs"
            type="nav"/>
        <items jcr:primaryType="nt:unstructured">
            <tab1
                jcr:primaryType="nt:unstructured"
                jcr:title="Display"
                sling:resourceType="granite/ui/components/foundation/container">
                <layout
                    jcr:primaryType="nt:unstructured"
                    sling:resourceType="granite/ui/components/foundation/layouts/fixedcolumns"/>
                <items jcr:primaryType="nt:unstructured">
                    <columns
                        jcr:primaryType="nt:unstructured"
                        sling:resourceType="granite/ui/components/foundation/container">
                        <items jcr:primaryType="nt:unstructured">
                            <devicetype
                                jcr:primaryType="nt:unstructured"
                                sling:resourceType="granite/ui/components/foundation/form/dropdown"
                                fieldDescription="Select the devicetype for the tile wall."
                                fieldLabel="Device type"
                                defaultvalue="allSmartPhones"
                                name="./devicetype">
                                <items jcr:primaryType="nt:unstructured">
                                    <smartphones
                                        jcr:primaryType="nt:unstructured"
                                        text="Smart Phones"
                                        value="allSmartPhones"/>
                                    <tablets
                                        jcr:primaryType="nt:unstructured"
                                        text="Tablets"
                                        value="allTablets"/>
                                    <hotspots
                                        jcr:primaryType="nt:unstructured"
                                        text="Hotspots"
                                        value="allHotspots"/>
                                </items>
                            </devicetype>
                            <pageheader
                              jcr:primaryType="nt:unstructured"
                              sling:resourceType="granite/ui/components/foundation/container">
                              <items jcr:primaryType="nt:unstructured">
                                <title
                                jcr:primaryType="nt:unstructured"
                                sling:resourceType="granite/ui/components/foundation/form/textfield"
                                fieldDescription="This is the H1 of the page."
                                fieldLabel="Page Header"
                                name="./pageheader"
                                required="{Boolean}true"/>
                              </items>
                            </pageheader>
                            <seemorebtn
                                jcr:primaryType="nt:unstructured"
                                sling:resourceType="granite/ui/components/foundation/form/textfield"
                                fieldLabel="Load more button text"
                                name="./seemorebtn"/>
                        </items>
                    </columns>
                </items>
            </tab1>
            <tab2
                jcr:primaryType="nt:unstructured"
                jcr:title="Featured"
                sling:resourceType="granite/ui/components/foundation/container">
                <layout
                    jcr:primaryType="nt:unstructured"
                    sling:resourceType="granite/ui/components/foundation/layouts/fixedcolumns"/>
                <items jcr:primaryType="nt:unstructured">
                    <columns
                        jcr:primaryType="nt:unstructured"
                        sling:resourceType="granite/ui/components/foundation/container">
                        <items jcr:primaryType="nt:unstructured">
                            <devicemenu
                                jcr:primaryType="nt:unstructured"
                                jcr:title="Add 3 Default Devices"
                                sling:resourceType="granite/ui/components/foundation/form/fieldset"/>
                            <devices
                                cq:showOnCreate="{Boolean}false"
                                jcr:primaryType="nt:unstructured"
                                sling:resourceType="granite/ui/components/foundation/form/multifield"
                                fieldLabel="Devices">
                                <field
                                    jcr:primaryType="nt:unstructured"
                                    sling:resourceType="granite/ui/components/foundation/form/fieldset"
                                    acs-commons-nested="JSON_STORE"
                                    cq-msm-lockable="devices"
                                    name="./devices">
                                    <layout
                                        jcr:primaryType="nt:unstructured"
                                        sling:resourceType="granite/ui/components/foundation/layouts/fixedcolumns"
                                        method="absolute"/>
                                    <items jcr:primaryType="nt:unstructured">
                                        <column
                                            jcr:primaryType="nt:unstructured"
                                            sling:resourceType="granite/ui/components/foundation/container">
                                            <items jcr:primaryType="nt:unstructured">
                                                <skuid
                                                    jcr:primaryType="nt:unstructured"
                                                    sling:resourceType="granite/ui/components/foundation/form/textfield"
                                                    fieldLabel="Sku ID"
                                                    name="./skuid"/>
                                            </items>
                                        </column>
                                    </items>
                                </field>
                            </devices>
                        </items>
                    </columns>
                </items>
            </tab2>
            <tab3
                    jcr:primaryType="nt:unstructured"
                    jcr:title="Fields When Zero Devices"
                    sling:resourceType="granite/ui/components/foundation/container">
                <layout
                        jcr:primaryType="nt:unstructured"
                        sling:resourceType="granite/ui/components/foundation/layouts/fixedcolumns"/>
                <items jcr:primaryType="nt:unstructured">
                    <columns
                            jcr:primaryType="nt:unstructured"
                            sling:resourceType="granite/ui/components/foundation/container">
                        <items jcr:primaryType="nt:unstructured">
                            <displaymessage
                                    jcr:primaryType="nt:unstructured"
                                    sling:resourceType="granite/ui/components/foundation/form/textfield"
                                    fieldLabel="Display Message"
                                    name="./displaymessage"/>
                            <clearallfiltersbutton
                                    jcr:primaryType="nt:unstructured"
                                    sling:resourceType="granite/ui/components/foundation/form/textfield"
                                    fieldLabel="Clear All Filters Button"
                                    name="./clearallfiltersbutton"/>
                        </items>
                    </columns>
                </items>
            </tab3>

        </items>
    </content>
</jcr:root>
