<?xml version="1.0" encoding="UTF-8"?>
<jcr:root xmlns:sling="http://sling.apache.org/jcr/sling/1.0" xmlns:cq="http://www.day.com/jcr/cq/1.0"
          xmlns:jcr="http://www.jcp.org/jcr/1.0" xmlns:nt="http://www.jcp.org/jcr/nt/1.0"
          jcr:primaryType="nt:unstructured"
          jcr:title="View My Bill"
          sling:resourceType="cq/gui/components/authoring/dialog">
  <content
    jcr:primaryType="nt:unstructured"
    sling:resourceType="granite/ui/components/foundation/container">
    <layout
      jcr:primaryType="nt:unstructured"
      sling:resourceType="granite/ui/components/foundation/layouts/tabs"
      type="nav"/>
    <items jcr:primaryType="nt:unstructured">
      <tab1
        jcr:primaryType="nt:unstructured"
        jcr:title="Details"
        sling:resourceType="granite/ui/components/foundation/container">
        <layout
          jcr:primaryType="nt:unstructured"
          sling:resourceType="granite/ui/components/foundation/layouts/fixedcolumns"/>
        <items jcr:primaryType="nt:unstructured">
          <columns
            jcr:primaryType="nt:unstructured"
            sling:resourceType="granite/ui/components/foundation/container">
            <items jcr:primaryType="nt:unstructured">
              <activeOlive
                jcr:primaryType="nt:unstructured"
                sling:resourceType="granite/ui/components/foundation/form/checkbox"
                name="./activeOlive"
                text="activeOliveFilter"
                value= "{Boolean}true"/>
              <brite-bill
                jcr:primaryType="nt:unstructured"
                sling:resourceType="granite/ui/components/foundation/form/textfield"
                name="./billDisplay"
                fieldLabel="billToDisplay"/>
              <send-cookie
                jcr:primaryType="nt:unstructured"
                sling:resourceType="granite/ui/components/foundation/form/checkbox"
                name="./sendCookie"
                text="sendCookie"
                value= "{Boolean}true"/>
              <recent-bill
                jcr:primaryType="nt:unstructured"
                sling:resourceType="granite/ui/components/foundation/form/checkbox"
                name="./ignoreRecentBill"
                text="ignoreRecentBill"
                value= "{Boolean}true"/>
              <display-balance
                jcr:primaryType="nt:unstructured"
                sling:resourceType="granite/ui/components/foundation/form/textfield"
                name="./liveBalanceDate"
                fieldLabel="displayLiveBalanceDate"/>
            </items>
          </columns>
        </items>
      </tab1>
    </items>
  </content>
</jcr:root>
