<?xml version="1.0" encoding="UTF-8"?>
<jcr:root xmlns:sling="http://sling.apache.org/jcr/sling/1.0" xmlns:cq="http://www.day.com/jcr/cq/1.0" xmlns:jcr="http://www.jcp.org/jcr/1.0" xmlns:nt="http://www.jcp.org/jcr/nt/1.0"
          jcr:primaryType="nt:unstructured"
          jcr:title="Change Plans Confirmation"
          sling:resourceType="cq/gui/components/authoring/dialog">
  <content
    jcr:primaryType="nt:unstructured"
    sling:resourceType="granite/ui/components/foundation/container">
    <layout
      jcr:primaryType="nt:unstructured"
      sling:resourceType="granite/ui/components/foundation/layouts/tabs"
      type="nav"/>
    <items jcr:primaryType="nt:unstructured">
      <tab1
        jcr:primaryType="nt:unstructured"
        jcr:title="Configure"
        sling:resourceType="granite/ui/components/foundation/section">
        <layout
          jcr:primaryType="nt:unstructured"
          sling:resourceType="granite/ui/components/foundation/layouts/fixedcolumns"
          margin="{Boolean}false"/>
        <items jcr:primaryType="nt:unstructured">
          <column
            jcr:primaryType="nt:unstructured"
            sling:resourceType="granite/ui/components/foundation/container">
            <items jcr:primaryType="nt:unstructured">
              <newPlanEffectiveDate
                jcr:primaryType="nt:unstructured"
                sling:resourceType="granite/ui/components/foundation/form/textfield"
                fieldLabel="Plan effective date"
                fieldDescription="Label for the new plan effective date."
                required="{Boolean}true"
                name="./newPlanEffectiveDate"/>
              <email
                jcr:primaryType="nt:unstructured"
                sling:resourceType="granite/ui/components/foundation/form/textfield"
                fieldLabel="Email Address"
                fieldDescription="Label for the email address that is retrieved from eBill."
                required="{Boolean}true"
                name="./email"/>
              <text
                jcr:primaryType="nt:unstructured"
                sling:resourceType="granite/ui/components/foundation/form/textfield"
                fieldDescription="Upgrade link text"
                fieldLabel="Text"
                name="./buttonText1"/>
              <targeturl
                jcr:primaryType="nt:unstructured"
                sling:resourceType="granite/ui/components/foundation/form/pathbrowser"
                fieldDescription="4.0 E-Bill URL"
                fieldLabel="Destination URL for 4.0 E-Bill page"
                name="./urlTarget"
                rootPath="/content/sprint/sprint_com/"/>
              <windowoption
                jcr:primaryType="nt:unstructured"
                sling:resourceType="granite/ui/components/foundation/form/select"
                fieldDescription="Select where the Destination URL should be opened"
                fieldLabel="Open Link in"
                name="./windowSelection1">
                <items jcr:primaryType="nt:unstructured">
                  <samewindow
                    jcr:primaryType="nt:unstructured"
                    text="Same Window"
                    value="_self"/>
                  <newwindow
                    jcr:primaryType="nt:unstructured"
                    text="New Window"
                    value="_blank"/>
                </items>
              </windowoption>
            </items>
          </column>
        </items>
      </tab1>
    </items>
  </content>
</jcr:root>
