<?xml version="1.0" encoding="UTF-8"?>
<jcr:root xmlns:sling="http://sling.apache.org/jcr/sling/1.0"
    xmlns:cq="http://www.day.com/jcr/cq/1.0"
    xmlns:jcr="http://www.jcp.org/jcr/1.0"
    xmlns:nt="http://www.jcp.org/jcr/nt/1.0"
    jcr:primaryType="cq:Dialog"
    jcr:title="Global Navigation Primary Menu"
    xtype="dialog">
    <items
        jcr:primaryType="cq:WidgetCollection">
        <tabs
            jcr:primaryType="cq:Dialog"
            xtype="tabpanel">
            <items jcr:primaryType="cq:WidgetCollection">
                <adminpath
                    jcr:primaryType="cq:Panel"
                    title="Navigation">
                    <items jcr:primaryType="cq:WidgetCollection">
                        <navpath
                            fieldLabel="Global Nav Admin Path"
                            jcr:primaryType="nt:unstructured"
                            name="./globalnavadminpath"
                            rootPath="/content/sprint/sprint_com/admin"
                            xtype="pathfield"/>
                    </items>
                </adminpath>
                <linkpaths
                    jcr:primaryType="cq:Panel"
                    title="Link Paths">
                    <items jcr:primaryType="cq:WidgetCollection">
                        <spanishHomePage
                            fieldLabel="Spanish Home Page URL"
                            jcr:primaryType="nt:unstructured"
                            name="./spanishHomePage"
                            rootPath="/content/sprint/sprint_com"
                            xtype="pathfield"/>
                        <businessHomePage
                            fieldLabel="Business Home Page URL"
                            jcr:primaryType="nt:unstructured"
                            name="./businessHomePage"
                            rootPath="/content/sprint/sprint_com"
                            xtype="pathfield"/>
                        <storesHomePage
                            fieldLabel="Stores Home Page URL"
                            jcr:primaryType="nt:unstructured"
                            name="./storesHomePage"
                            rootPath="/content/sprint/sprint_com"
                            xtype="pathfield"/>
                    </items>
                </linkpaths>
                <cartpaths
                    jcr:primaryType="cq:Panel"
                    title="Cart Paths">
                    <items jcr:primaryType="cq:WidgetCollection">
                        <phoneWallUrl
                            fieldLabel="Phone Wall URL"
                            jcr:primaryType="nt:unstructured"
                            name="./phoneWallUrl"
                            rootPath="/content/sprint/sprint_com"
                            xtype="pathfield"/>
                        <checkoutUrl
                            fieldLabel="Checkout URL"
                            jcr:primaryType="nt:unstructured"
                            name="./checkoutUrl"
                            rootPath="/content/sprint/sprint_com"
                            xtype="pathfield"/>
                    </items>
                </cartpaths>
            </items>
        </tabs>
    </items>
</jcr:root>
