<?xml version="1.0" encoding="UTF-8"?>
<jcr:root xmlns:sling="http://sling.apache.org/jcr/sling/1.0" xmlns:cq="http://www.day.com/jcr/cq/1.0" xmlns:jcr="http://www.jcp.org/jcr/1.0" xmlns:nt="http://www.jcp.org/jcr/nt/1.0"
    jcr:primaryType="nt:unstructured"
    sling:resourceType="cq/gui/components/authoring/dialog">
    <content
        jcr:primaryType="nt:unstructured"
        sling:resourceType="granite/ui/components/foundation/container">
        <layout
            jcr:primaryType="nt:unstructured"
            sling:resourceType="granite/ui/components/foundation/layouts/tabs"
            type="nav"/>
        <items jcr:primaryType="nt:unstructured">
            <image
                jcr:primaryType="nt:unstructured"
                jcr:title="Text, Image and CTA"
                sling:resourceType="granite/ui/components/foundation/section">
                <layout
                    jcr:primaryType="nt:unstructured"
                    sling:resourceType="granite/ui/components/foundation/layouts/fixedcolumns"
                    margin="{Boolean}false"/>
                <items jcr:primaryType="nt:unstructured">
                    <column
                        jcr:primaryType="nt:unstructured"
                        sling:resourceType="granite/ui/components/foundation/container">
                        <items jcr:primaryType="nt:unstructured">
                            <bgcolor
                                jcr:primaryType="nt:unstructured"
                                sling:resourceType="/libs/granite/ui/components/foundation/form/select"
                                fieldLabel="Background Color"
                                name="./bgcolor">
                                <datasource
                                    jcr:primaryType="nt:unstructured"
                                    sling:resourceType="acs-commons/components/utilities/genericlist/datasource"
                                    path="/etc/acs-commons/lists/sprint-pods-colors"/>
                            </bgcolor>
                            <slidefooternote
                                jcr:primaryType="nt:unstructured"
                                sling:resourceType="granite/ui/components/foundation/form/textarea"
                                fieldLabel="Slide footer note"
                                name="./slidefooternote"/>
                        </items>
                    </column>
                </items>
            </image>
        </items>
    </content>
</jcr:root>
