<?xml version="1.0" encoding="UTF-8"?>
<jcr:root xmlns:sling="http://sling.apache.org/jcr/sling/1.0" xmlns:cq="http://www.day.com/jcr/cq/1.0" xmlns:jcr="http://www.jcp.org/jcr/1.0" xmlns:nt="http://www.jcp.org/jcr/nt/1.0"
          jcr:primaryType="nt:unstructured"
          jcr:title="Promotional Banner"
          sling:resourceType="cq/gui/components/authoring/dialog">
<content
        jcr:primaryType="nt:unstructured"
        sling:resourceType="granite/ui/components/foundation/container">
    <layout
            jcr:primaryType="nt:unstructured"
            sling:resourceType="granite/ui/components/foundation/layouts/tabs"
            type="nav"/>
    <items jcr:primaryType="nt:unstructured">
        <tab1
                jcr:primaryType="nt:unstructured"
                jcr:title="Content"
                sling:resourceType="granite/ui/components/foundation/container">
            <layout
                    jcr:primaryType="nt:unstructured"
                    sling:resourceType="granite/ui/components/foundation/layouts/fixedcolumns"/>
            <items jcr:primaryType="nt:unstructured">
                <columns
                        jcr:primaryType="nt:unstructured"
                        sling:resourceType="granite/ui/components/foundation/container">
                    <items jcr:primaryType="nt:unstructured">
                        <contentplacement
                                jcr:primaryType="nt:unstructured"
                                sling:resourceType="granite/ui/components/foundation/form/dropdown"
                                fieldLabel="Content position"
                                name="./contentplacement">
                            <items jcr:primaryType="nt:unstructured">
                                <right
                                        jcr:primaryType="nt:unstructured"
                                        text="Right"
                                        value=""/>
                                <left
                                        jcr:primaryType="nt:unstructured"
                                        text="Left"
                                        value="sprint-banner--left"/>
                                <center
                                        jcr:primaryType="nt:unstructured"
                                        text="Center"
                                        value="sprint-banner--center"/>
                            </items>
                        </contentplacement>
                        <contentalignment
                                jcr:primaryType="nt:unstructured"
                                sling:resourceType="granite/ui/components/foundation/form/select"
                                defaultvalue="none"
                                fieldDescription="Select content alignment."
                                fieldLabel="Content alignment"
                                name="./contentalignment">
                            <items jcr:primaryType="nt:unstructured">
                                <none
                                        jcr:primaryType="nt:unstructured"
                                        text="None"
                                        value="none"/>
                                <left
                                        jcr:primaryType="nt:unstructured"
                                        text="Left"
                                        value="text-left"/>
                            </items>
                        </contentalignment>
                        <bannerheading
                                jcr:primaryType="nt:unstructured"
                                sling:resourceType="granite/ui/components/foundation/form/textfield"
                                fieldLabel="Banner heading"
                                name="./bannerheading"
                                required="{Boolean}true"/>
                        <fontcolor
                                jcr:primaryType="nt:unstructured"
                                sling:resourceType="granite/ui/components/foundation/form/select"
                                defaultvalue="color--black"
                                fieldLabel="Banner Font Color"
                                name="./fontcolor">
                            <items jcr:primaryType="nt:unstructured">
                                <black
                                        jcr:primaryType="nt:unstructured"
                                        text="Black"
                                        value="color--black"/>
                                <white
                                        jcr:primaryType="nt:unstructured"
                                        text="White"
                                        value="color--white"/>
                            </items>
                        </fontcolor>
                        <bannermessage
                                jcr:primaryType="nt:unstructured"
                                sling:resourceType="granite/ui/components/foundation/form/textarea"
                                fieldLabel="Banner Message"
                                name="./bannermessage"/>
                        <legaldisclaimertext
                                jcr:primaryType="nt:unstructured"
                                sling:resourceType="cq/gui/components/authoring/dialog/richtext"
                                fieldLabel="legal disclaimer text"
                                name="./legaldisclaimertext"/>
                    </items>
                </columns>
            </items>
        </tab1>
        <tab2
            jcr:primaryType="nt:unstructured"
            jcr:title="Background"
            sling:resourceType="granite/ui/components/foundation/container">
            <layout
                jcr:primaryType="nt:unstructured"
                sling:resourceType="granite/ui/components/foundation/layouts/fixedcolumns"/>
            <items jcr:primaryType="nt:unstructured">
                <columns
                        jcr:primaryType="nt:unstructured"
                        sling:resourceType="granite/ui/components/foundation/container">
                    <items jcr:primaryType="nt:unstructured">
                        <backgroundtype
                                jcr:primaryType="nt:unstructured"
                                sling:resourceType="granite/ui/components/foundation/form/select"
                                class="cq-dialog-dropdown-showhide"
                                cq-dialog-dropdown-showhide-target=".list-option-backgroundtype-showhide-target"
                                defaultvalue="backgroundcolor"
                                fieldLabel="Background Type"
                                name="./backgroundtype">
                            <items jcr:primaryType="nt:unstructured">
                                <background-color
                                        jcr:primaryType="nt:unstructured"
                                        text="Background Color"
                                        value="backgroundcolor"/>
                                <background-image
                                        jcr:primaryType="nt:unstructured"
                                        text="Background Image"
                                        value="backgroundimage"/>
                            </items>
                        </backgroundtype>
                        <backgroundcolors
                              jcr:primaryType="nt:unstructured"
                              sling:resourceType="granite/ui/components/foundation/container"
                              class="list-option-backgroundtype-showhide-target"
                              showhidetargetvalue="backgroundcolor">
                              <items jcr:primaryType="nt:unstructured">
                                  <backgroundcolor
                                          jcr:primaryType="nt:unstructured"
                                          sling:resourceType="granite/ui/components/foundation/form/dropdown"
                                          fieldLabel="Background color"
                                          name="./backgroundcolor">
                                      <items jcr:primaryType="nt:unstructured">
                                          <none
                                                  jcr:primaryType="nt:unstructured"
                                                  text="None"
                                                  value=""/>
                                          <gray
                                                  jcr:primaryType="nt:unstructured"
                                                  text="Gray"
                                                  value="sprint-banner--gray"/>
                                          <purple
                                                  jcr:primaryType="nt:unstructured"
                                                  text="Purple"
                                                  value="sprint-banner--purple"/>
                                          <white
                                                  jcr:primaryType="nt:unstructured"
                                                  text="White"
                                                  value="sprint-banner--white"/>
                                          <yellow
                                                  jcr:primaryType="nt:unstructured"
                                                  text="Yellow"
                                                  value="sprint-banner--yellow"/>
                                          <black
                                                  jcr:primaryType="nt:unstructured"
                                                  text="White"
                                                  value="sprint-banner--black"/>
                                          <gray-gradient
                                                  jcr:primaryType="nt:unstructured"
                                                  text="Gray-gradient"
                                                  value="sprint-banner--gray-gradient"/>
                                          <ash-gradient
                                                  jcr:primaryType="nt:unstructured"
                                                  text="Ash-gradient"
                                                  value="sprint-banner--ash-gradient"/>
                                          <black-gradient
                                                  jcr:primaryType="nt:unstructured"
                                                  text="Black-gradient"
                                                  value="sprint-banner--black-gradient"/>
                                      </items>
                                  </backgroundcolor>
                              </items>
                        </backgroundcolors>
                        <backgroundimage
                              jcr:primaryType="nt:unstructured"
                              sling:resourceType="granite/ui/components/foundation/container"
                              class="list-option-backgroundtype-showhide-target"
                              showhidetargetvalue="backgroundimage">
                              <items jcr:primaryType="nt:unstructured">
                                  <backgroundimagepath
                                          jcr:primaryType="nt:unstructured"
                                          sling:resourceType="granite/ui/components/foundation/form/pathbrowser"
                                          fieldDescription="2560x1360 or 1280x680 image"
                                          fieldLabel="Desktop image"
                                          name="./backgroundimagepath"
                                          rootPath="/content/dam/sprint"/>
                                  <mobilebackgroundimagepath
                                          jcr:primaryType="nt:unstructured"
                                          sling:resourceType="granite/ui/components/foundation/form/pathbrowser"
                                          fieldDescription="640x900 image"
                                          fieldLabel="Mobile image"
                                          name="./mobilebackgroundimagepath"
                                          rootPath="/content/dam/sprint"/>
                              </items>
                        </backgroundimage>
                    </items>
                </columns>
            </items>
        </tab2>
        <tab3
            jcr:primaryType="nt:unstructured"
            jcr:title="Placement Image"
            sling:resourceType="granite/ui/components/foundation/container">
            <layout
                jcr:primaryType="nt:unstructured"
                sling:resourceType="granite/ui/components/foundation/layouts/fixedcolumns"/>
            <items jcr:primaryType="nt:unstructured">
                <columns
                        jcr:primaryType="nt:unstructured"
                        sling:resourceType="granite/ui/components/foundation/container">
                    <items jcr:primaryType="nt:unstructured">
                        <placementimagepath
                                jcr:primaryType="nt:unstructured"
                                sling:resourceType="granite/ui/components/foundation/form/pathbrowser"
                                fieldDescription="Provide content path for placement image."
                                fieldLabel="Image location"
                                name="./placementimagepath"
                                rootPath="/content/dam/sprint"/>
                        <alttext
                                jcr:primaryType="nt:unstructured"
                                sling:resourceType="granite/ui/components/foundation/form/textfield"
                                fieldLabel="Alt text"
                                name="./alttext"/>
                        <overlap
                            jcr:primaryType="nt:unstructured"
                            sling:resourceType="granite/ui/components/foundation/form/checkbox"
                            fieldDescription="Check this to slightly overlap the image above your banner by 30 pixels."
                            name="./displayOverlap"
                            text="Display overlap?"
                            value="{Boolean}true"/>
                    </items>
                </columns>
            </items>
        </tab3>
        <tab4
            jcr:primaryType="nt:unstructured"
            jcr:title="Analytics"
            sling:resourceType="granite/ui/components/foundation/container">
            <layout
                jcr:primaryType="nt:unstructured"
                sling:resourceType="granite/ui/components/foundation/layouts/fixedcolumns"/>
            <items jcr:primaryType="nt:unstructured">
                <columns
                        jcr:primaryType="nt:unstructured"
                        sling:resourceType="granite/ui/components/foundation/container">
                    <items jcr:primaryType="nt:unstructured">
                        <pageid
                                jcr:primaryType="nt:unstructured"
                                sling:resourceType="granite/ui/components/foundation/form/textfield"
                                fieldLabel="Page ID"
                                fieldDescription="On the home page, this is always 'hp'"
                                name="./pageid"/>
                        <module
                                jcr:primaryType="nt:unstructured"
                                sling:resourceType="granite/ui/components/foundation/form/textfield"
                                fieldLabel="Module"
                                fieldDescription="Groups of display ads are called modules. They should be named sequentially (like mod1, mod2, etc)."
                                name="./module"/>
                        <pod
                                jcr:primaryType="nt:unstructured"
                                sling:resourceType="granite/ui/components/foundation/form/textfield"
                                fieldLabel="Pod"
                                fieldDescription="The pod within a display module."
                                name="./pod"/>
                        <offerimp
                                jcr:primaryType="nt:unstructured"
                                sling:resourceType="granite/ui/components/foundation/form/textfield"
                                fieldLabel="offer-imp"
                                fieldDescription="This is the offer ID.  If the item is clickable, this is the same as the INTCID value in the URL."
                                name="./offerimp"/>
                    </items>
                </columns>
            </items>
        </tab4>
    </items>
</content>
</jcr:root>
