<?xml version="1.0" encoding="UTF-8"?>
<jcr:root xmlns:sling="http://sling.apache.org/jcr/sling/1.0" xmlns:cq="http://www.day.com/jcr/cq/1.0"
          xmlns:jcr="http://www.jcp.org/jcr/1.0" xmlns:nt="http://www.jcp.org/jcr/nt/1.0"
          jcr:primaryType="nt:unstructured"
          jcr:title="Checkout: Offer"
          sling:resourceType="cq/gui/components/authoring/dialog"
          helpPath="en/cq/current/wcm/default_components.html#Image">
    <content
        jcr:primaryType="nt:unstructured"
        sling:resourceType="granite/ui/components/foundation/container">
        <layout
            jcr:primaryType="nt:unstructured"
            sling:resourceType="granite/ui/components/foundation/layouts/tabs"
            type="nav"/>
        <items jcr:primaryType="nt:unstructured">
            <tab1
                jcr:primaryType="nt:unstructured"
                jcr:title="Configure"
                sling:resourceType="granite/ui/components/foundation/container">
                <layout
                    jcr:primaryType="nt:unstructured"
                    sling:resourceType="granite/ui/components/foundation/layouts/fixedcolumns"/>
                <items jcr:primaryType="nt:unstructured">
                    <columns
                        jcr:primaryType="nt:unstructured"
                        sling:resourceType="granite/ui/components/foundation/container">
                        <items jcr:primaryType="nt:unstructured">
                            <column
                                jcr:primaryType="nt:unstructured"
                                sling:resourceType="granite/ui/components/foundation/container">
                                <items jcr:primaryType="nt:unstructured">
                                    <offerType
                                        jcr:primaryType="nt:unstructured"
                                        sling:resourceType="granite/ui/components/foundation/form/select"
                                        fieldDescription="By choosing instructions, the button will be disabled."
                                        fieldLabel="Offer type:"
                                        cq-dialog-dropdown-showhide-target=".list-option-offertype-showhide-target"
                                        class="cq-dialog-dropdown-showhide"
                                        name="./offerType">
                                        <items jcr:primaryType="nt:unstructured">
                                            <instructions
                                                jcr:primaryType="nt:unstructured"
                                                text="Instructions"
                                                value="instructions"/>
                                            <service
                                                jcr:primaryType="nt:unstructured"
                                                text="Service"
                                                value="service"/>
                                            <accessory
                                                jcr:primaryType="nt:unstructured"
                                                text="Accessory"
                                                value="accessory"/>
                                            <destination
                                                jcr:primaryType="nt:unstructured"
                                                text="Destination"
                                                value="destination"/>
                                        </items>
                                    </offerType>
                                    <sku
                                        jcr:primaryType="nt:unstructured"
                                        sling:resourceType="granite/ui/components/foundation/form/textfield"
                                        fieldLabel="SKU ID:"
                                        name="./sku"/>
                                    <optionsService
                                        jcr:primaryType="nt:unstructured"
                                        sling:resourceType="granite/ui/components/foundation/container"
                                        class="list-option-offertype-showhide-target foundation-layout-util-vmargin"
                                        showhidetargetvalue="service">
                                        <items jcr:primaryType="nt:unstructured">
                                            <soc
                                                jcr:primaryType="nt:unstructured"
                                                sling:resourceType="granite/ui/components/foundation/form/textfield"
                                                fieldLabel="SOC ID:"
                                                name="./soc"/>
                                        </items>
                                    </optionsService>
                                    <optionsDestination
                                        jcr:primaryType="nt:unstructured"
                                        sling:resourceType="granite/ui/components/foundation/container"
                                        class="list-option-offertype-showhide-target foundation-layout-util-vmargin"
                                        showhidetargetvalue="destination">
                                        <items jcr:primaryType="nt:unstructured">
                                            <destinationURL
                                                jcr:primaryType="nt:unstructured"
                                                sling:resourceType="/libs/granite/ui/components/foundation/form/pathbrowser"
                                                fieldLabel="Destination URL:"
                                                name="./destinationURL"
                                                rootPath="/content"/>
                                        </items>
                                    </optionsDestination>
                                    <enableImage
                                        jcr:primaryType="nt:unstructured"
                                        sling:resourceType="granite/ui/components/foundation/form/checkbox"
                                        name="./enableImage"
                                        text="Enable image"
                                        value="{Boolean}true"/>
                                </items>
                            </column>
                        </items>
                    </columns>
                </items>
            </tab1>
            <tab2
                jcr:primaryType="nt:unstructured"
                jcr:title="Content"
                sling:resourceType="granite/ui/components/foundation/container">
                <layout
                    jcr:primaryType="nt:unstructured"
                    sling:resourceType="granite/ui/components/foundation/layouts/fixedcolumns"/>
                <items jcr:primaryType="nt:unstructured">
                    <columns
                        jcr:primaryType="nt:unstructured"
                        sling:resourceType="granite/ui/components/foundation/container">
                        <items jcr:primaryType="nt:unstructured">
                            <column
                                jcr:primaryType="nt:unstructured"
                                sling:resourceType="granite/ui/components/foundation/container">
                                <items jcr:primaryType="nt:unstructured">
                                    <headline
                                        jcr:primaryType="nt:unstructured"
                                        sling:resourceType="granite/ui/components/foundation/form/textfield"
                                        fieldLabel="Headline:"
                                        name="./headline"/>
                                    <price
                                        jcr:primaryType="nt:unstructured"
                                        sling:resourceType="granite/ui/components/foundation/form/textfield"
                                        fieldLabel="Price:"
                                        name="./price"/>
                                    <copy
                                        jcr:primaryType="nt:unstructured"
                                        sling:resourceType="cq/gui/components/authoring/dialog/richtext"
                                        fieldLabel="Copy:"
                                        name="./copy"/>
                                    <legal
                                        jcr:primaryType="nt:unstructured"
                                        sling:resourceType="granite/ui/components/foundation/form/textarea"
                                        fieldLabel="Legal:"
                                        name="./legal"/>
                                    <buttonLabelAdd
                                        jcr:primaryType="nt:unstructured"
                                        sling:resourceType="granite/ui/components/foundation/form/textfield"
                                        fieldDescription="Button is not visible if the offer type is an 'instruction'."
                                        fieldLabel="Button label:"
                                        name="./buttonLabelAdd"/>
                                    <buttonLabelRemove
                                        jcr:primaryType="nt:unstructured"
                                        sling:resourceType="granite/ui/components/foundation/form/textfield"
                                        fieldDescription="Button is not visible if the offer type is an 'instruction'."
                                        fieldLabel="Remove button label:"
                                        name="./buttonLabelRemove"/>
                                </items>
                            </column>
                        </items>
                    </columns>
                </items>
            </tab2>
            <tab3
                jcr:primaryType="nt:unstructured"
                jcr:title="Advanced"
                sling:resourceType="granite/ui/components/foundation/container">
                <layout
                    jcr:primaryType="nt:unstructured"
                    sling:resourceType="granite/ui/components/foundation/layouts/fixedcolumns"/>
                <items jcr:primaryType="nt:unstructured">
                    <columns
                        jcr:primaryType="nt:unstructured"
                        sling:resourceType="granite/ui/components/foundation/container">
                        <items jcr:primaryType="nt:unstructured">
                            <column
                                jcr:primaryType="nt:unstructured"
                                sling:resourceType="granite/ui/components/foundation/container">
                                <items jcr:primaryType="nt:unstructured">
                                    <advancedClass
                                        jcr:primaryType="nt:unstructured"
                                        sling:resourceType="granite/ui/components/foundation/form/textfield"
                                        class="foundation-layout-util-maximized-alt long-label"
                                        fieldDescription="For advanced styling options, apply custom or style-guide classes here."
                                        fieldLabel="Custom class(es):"
                                        name="./advancedClass"/>
                                </items>
                            </column>
                        </items>
                    </columns>
                </items>
            </tab3>
        </items>
    </content>
</jcr:root>
