<?xml version="1.0" encoding="UTF-8"?>
<jcr:root xmlns:sling="http://sling.apache.org/jcr/sling/1.0" xmlns:cq="http://www.day.com/jcr/cq/1.0" xmlns:jcr="http://www.jcp.org/jcr/1.0" xmlns:nt="http://www.jcp.org/jcr/nt/1.0"
          jcr:primaryType="nt:unstructured"
          jcr:title="Messaging Ribbon"
          sling:resourceType="cq/gui/components/authoring/dialog"
          helpPath="en/cq/current/wcm/default_components.html#Text">
    <content
            jcr:primaryType="nt:unstructured"
            sling:resourceType="granite/ui/components/foundation/container">
        <layout
                jcr:primaryType="nt:unstructured"
                sling:resourceType="granite/ui/components/foundation/layouts/fixedcolumns"
                margin="{Boolean}false"
                type="nav"/>
        <items jcr:primaryType="nt:unstructured">
            <columns
                    jcr:primaryType="nt:unstructured"
                    sling:resourceType="granite/ui/components/foundation/container">
                <items jcr:primaryType="nt:unstructured">
                    <title
                            jcr:primaryType="nt:unstructured"
                            sling:resourceType="granite/ui/components/foundation/form/multifield"
                            fieldLabel="Title and Description">
                        <field
                                jcr:primaryType="nt:unstructured"
                                sling:resourceType="granite/ui/components/foundation/form/fieldset"
                                acs-commons-nested="JSON_STORE"
                                name="./titleList">
                            <layout
                                    jcr:primaryType="nt:unstructured"
                                    sling:resourceType="granite/ui/components/foundation/layouts/fixedcolumns"
                                    method="absolute"/>
                            <items jcr:primaryType="nt:unstructured">
                                <column
                                        jcr:primaryType="nt:unstructured"
                                        sling:resourceType="granite/ui/components/foundation/container">
                                    <items jcr:primaryType="nt:unstructured">
                                        <title
                                                jcr:primaryType="nt:unstructured"
                                                sling:resourceType="granite/ui/components/foundation/form/textfield"
                                                fieldLabel="Title"
                                                name="./title"
                                                required="{Boolean}true"/>
                                    </items>
                                </column>
                            </items>
                        </field>
                    </title>
                </items>
            </columns>
        </items>
    </content>
</jcr:root>
