<?xml version="1.0" encoding="UTF-8"?>
<jcr:root xmlns:cq="http://www.day.com/jcr/cq/1.0" xmlns:jcr="http://www.jcp.org/jcr/1.0"
    jcr:primaryType="cq:Dialog"
    jcr:title="Phone Wall Filter"
    xtype="dialog">
    <items jcr:primaryType="cq:WidgetCollection">
        <tabs
            jcr:primaryType="cq:Dialog"
            xtype="tabpanel">
            <items jcr:primaryType="cq:WidgetCollection">
                <adminpath
                    jcr:primaryType="cq:Panel"
                    title="Phone Wall Filter">
                    <items jcr:primaryType="cq:WidgetCollection">
                      <creditClass
                        jcr:primaryType="nt:unstructured"
                        fieldLabel="Default Credit Class"
                        fieldDescription="Set default credit class"
                        name="./creditClass"
                        xtype="textfield"/>
                      <filters
                            jcr:primaryType="cq:Widget"
                            fieldDescription="Click the '+' button to add a filter to the list"
                            fieldLabel="Add a Filter"
                            name="./filters"
                            orderable="{Boolean}true"
                            xtype="multifield">
                            <fieldConfig
                                jcr:primaryType="cq:Widget"
                                xtype="multifieldpanel">
                                <items jcr:primaryType="cq:WidgetCollection">
                                    <filterTitle
                                        jcr:primaryType="cq:Widget"
                                        fieldLabel="Filter Title"
                                        key="filterTitle"
                                        name="./filterTitle"
                                        xtype="textfield"/>
                                    <filterValue
                                        jcr:primaryType="cq:Widget"
                                        fieldLabel="Filter Value"
                                        key="filterValue"
                                        name="./filterValue"
                                        xtype="textfield"/>
                                </items>
                            </fieldConfig>
                        </filters>
                        <deepLinks
                            jcr:primaryType="cq:Widget"
                            fieldDescription="Click the '+' button to add a deep link to the list"
                            fieldLabel="Add a Deep Link:"
                            name="./deepLinks"
                            orderable="{Boolean}true"
                            xtype="multifield">
                            <fieldConfig
                                jcr:primaryType="cq:Widget"
                                xtype="multifieldpanel">
                                <items jcr:primaryType="cq:WidgetCollection">
                                    <linkTitle
                                        jcr:primaryType="cq:Widget"
                                        fieldLabel="Deep Link Title"
                                        key="deeplinkTitle"
                                        name="./deeplinkTitle"
                                        xtype="textfield"/>
                                    <linkValue
                                        jcr:primaryType="cq:Widget"
                                        fieldLabel="Deep Link Value"
                                        key="deeplinkValue"
                                        name="./deeplinkValue"
                                        xtype="pathfield"/>
                                </items>
                            </fieldConfig>
                        </deepLinks>
                    </items>
                </adminpath>
            </items>
        </tabs>
    </items>
</jcr:root>
