<?xml version="1.0" encoding="UTF-8"?>
<jcr:root xmlns:sling="http://sling.apache.org/jcr/sling/1.0"
          xmlns:cq="http://www.day.com/jcr/cq/1.0"
          xmlns:jcr="http://www.jcp.org/jcr/1.0"
          xmlns:nt="http://www.jcp.org/jcr/nt/1.0"
          jcr:primaryType="cq:Dialog"
          jcr:title="Global Modal Instore options"
          xtype="dialog">
  <items
    jcr:primaryType="cq:WidgetCollection">
    <tabs
      jcr:primaryType="cq:Dialog"
      xtype="tabpanel">
      <items jcr:primaryType="cq:WidgetCollection">
        <admincontent
          jcr:primaryType="cq:Panel"
          title="General">
          <items jcr:primaryType="cq:WidgetCollection">
            <creditClass
              jcr:primaryType="nt:unstructured"
              fieldLabel="Default Credit Class"
              fieldDescription="Set default credit class"
              name="./creditClass"
              xtype="textfield"/>
            <InStoremodallink
              fieldLabel="In Store Modal Link Text"
              jcr:primaryType="nt:unstructured"
              name="./InStoremodallink"
              xtype="textfield"/>
            <InStoremodalContent
              fieldLabel="In Store Modal Content"
              jcr:primaryType="nt:unstructured"
              name="./InStoremodalContent"
              xtype="richtext"/>
            <shippingStatusUrl
              fieldLabel="Shipping status component URL"
              jcr:primaryType="nt:unstructured"
              name="./shippingStatusUrl"
              xtype="textfield"/>
          </items>
        </admincontent>

        <pricing
          jcr:primaryType="cq:Panel"
          title="Pricing">
          <items jcr:primaryType="cq:WidgetCollection">
            <todaysTotalText
              jcr:primaryType="nt:unstructured"
              sling:resourceType="granite/ui/components/foundation/form/textfield"
              fieldLabel="Today Total Text"
              emptyText="Today's total*"
              name="./todaysTotalText"
              required="{Boolean}true"/>
            <monthlyTotalText
              jcr:primaryType="nt:unstructured"
              sling:resourceType="granite/ui/components/foundation/form/textfield"
              fieldLabel="Monthly Total Text"
              emptyText="/monthlyTotalText"
              name="./monthlyTotalText"
              required="{Boolean}true"/>
            <todayText
              jcr:primaryType="nt:unstructured"
              sling:resourceType="granite/ui/components/foundation/form/textfield"
              fieldLabel="Today placeholder:"
              fieldDescription="This label will appear next to pricing like /today."
              emptyText="/today"
              name="./todayText"
              required="{Boolean}true"/>
            <monthlyText
              jcr:primaryType="nt:unstructured"
              sling:resourceType="granite/ui/components/foundation/form/textfield"
              fieldLabel="Monthly placeholder"
              fieldDescription="This label will appear next to pricing like /mo."
              emptyText="/mo."
              name="./monthlyText"
              required="{Boolean}true"/>
          </items>
        </pricing>
        <intention
          jcr:primaryType="cq:Panel"
          title="Intention">
          <items jcr:primaryType="cq:WidgetCollection">
            <intentionheading
              jcr:primaryType="cq:Widget"
              xtype="textfield"
              fieldLabel="Intention Heading"
              name="./intentionheading"
              required="{Boolean}true"/>
            <aalUrl
              fieldLabel="AAL URL"
              jcr:primaryType="nt:unstructured"
              name="./aalUrl"
              rootPath="/content/sprint/sprint_com"
              xtype="pathfield"/>
            <aaltext
              jcr:primaryType="cq:Widget"
              xtype="textfield"
              fieldLabel="Add A Line Text"
              name="./aaltext"
              required="{Boolean}true"/>
            <upgradeStepOneUrl
              fieldLabel="Upgrade Step One URL"
              jcr:primaryType="nt:unstructured"
              name="./upgradeStepOneUrl"
              rootPath="/content/sprint/sprint_com"
              xtype="pathfield"/>
            <upgtext
              jcr:primaryType="cq:Widget"
              xtype="textfield"
              fieldLabel="Upgrade Text"
              name="./upgtext"
              required="{Boolean}true"/>
            <upgradeStepTwoUrl
              fieldLabel="Upgrade Step Two URL"
              jcr:primaryType="nt:unstructured"
              name="./upgradeStepTwoUrl"
              rootPath="/content/sprint/sprint_com"
              xtype="pathfield"/>
          </items>
        </intention>

        <linelimit
          jcr:primaryType="cq:Panel"
          title="Line Limit">
          <items jcr:primaryType="cq:WidgetCollection">
            <lineLimitLoadingText
              jcr:primaryType="nt:unstructured"
              sling:resourceType="granite/ui/components/foundation/form/textfield"
              fieldLabel="Placeholder loading copy:"
              fieldDescription="Add a custom label indicating that quantities are being loaded. Once the API comes back, the placeholder loading text will be replaced with quantity options."
              emptyText="Quantity loading..."
              name="./lineLimitLoadingText"
              required="{Boolean}true"/>
            <lineLimitText
              jcr:primaryType="nt:unstructured"
              sling:resourceType="granite/ui/components/foundation/form/textfield"
              fieldLabel="Quantity label:"
              fieldDescription="This label will appear in the option dropdown before the quantity number. For example if your label is QTY, the option result would look something like QTY: 2."
              emptyText="eg: QTY, Quantity, ..."
              name="./lineLimitText"
              required="{Boolean}true"/>
            <lineLimitErrorText
              jcr:primaryType="nt:unstructured"
              sling:resourceType="granite/ui/components/foundation/form/textfield"
              fieldLabel="Line limit error message:"
              fieldDescription="This label will appear when line limit turns out to be 0."
              emptyText="Maxed out line limit error message"
              name="./lineLimitErrorText"
              required="{Boolean}true"/>
            <lineLimitInfoHeader
              jcr:primaryType="nt:unstructured"
              sling:resourceType="granite/ui/components/foundation/form/textfield"
              fieldLabel="Line limit info pricing:"
              fieldDescription="Handlebars text: Pricing for {{#if_ deviceQuantity '===' 1}} {{deviceQuantity}} device {{else}} {{deviceQuantity}} devices {{/if_}}"
              emptyText="Pricing for _ devices"
              name="./lineLimitInfoHeader"
              required="{Boolean}true"/>
            <lineLimitInfoText
              jcr:primaryType="nt:unstructured"
              sling:resourceType="granite/ui/components/foundation/form/textfield"
              fieldLabel="Line Limit info text:"
              fieldDescription="Handlebars text: $ {{decimal newPricing.monthly}} mo. | $ {{decimal newPricing.today}} today"
              emptyText="$ --.-- mo. | $ --.-- today"
              name="./lineLimitInfoText"
              required="{Boolean}true"/>
            <lineText
              jcr:primaryType="nt:unstructured"
              sling:resourceType="granite/ui/components/foundation/form/textfield"
              fieldLabel="Line text:"
              fieldDescription="This label will appear next to pricing monthly and today."
              emptyText="/line"
              name="./lineText"
              required="{Boolean}true"/>
            <promoText
              jcr:primaryType="nt:unstructured"
              sling:resourceType="granite/ui/components/foundation/form/textfield"
              fieldLabel="Promo label:"
              fieldDescription="This label will appear under pricing for promos."
              emptyText="Promo text to show up for linelimit"
              name="./promoText"
              required="{Boolean}true"/>
          </items>
        </linelimit>
      </items>
    </tabs>
  </items>
</jcr:root>
