<?xml version="1.0" encoding="UTF-8"?>
<jcr:root xmlns:sling="http://sling.apache.org/jcr/sling/1.0" xmlns:cq="http://www.day.com/jcr/cq/1.0"
          xmlns:jcr="http://www.jcp.org/jcr/1.0" xmlns:nt="http://www.jcp.org/jcr/nt/1.0"
          jcr:primaryType="nt:unstructured"
          jcr:title="Form Toggle Element"
          sling:resourceType="cq/gui/components/authoring/dialog"
          helpPath="en/cq/current/wcm/default_components.html#Image">
  <content
    jcr:primaryType="nt:unstructured"
    sling:resourceType="granite/ui/components/foundation/container">
    <layout
      jcr:primaryType="nt:unstructured"
      sling:resourceType="granite/ui/components/foundation/layouts/tabs"
      type="nav"/>
    <items jcr:primaryType="nt:unstructured">
      <tab1
        jcr:primaryType="nt:unstructured"
        jcr:title="Configuration"
        sling:resourceType="granite/ui/components/foundation/container">
        <layout
          jcr:primaryType="nt:unstructured"
          sling:resourceType="granite/ui/components/foundation/layouts/fixedcolumns"/>
        <items jcr:primaryType="nt:unstructured">
          <columns
            jcr:primaryType="nt:unstructured"
            sling:resourceType="granite/ui/components/foundation/container">
            <items jcr:primaryType="nt:unstructured">

              <required
                jcr:primaryType="nt:unstructured"
                sling:resourceType="granite/ui/components/foundation/form/checkbox"
                cq-msm-lockable="required"
                name="./required"
                text="Required"
                value="true">
              </required>

              <inputToggle
                jcr:primaryType="nt:unstructured"
                sling:resourceType="granite/ui/components/foundation/container">
                <items jcr:primaryType="nt:unstructured">
                  <legendLabel
                    jcr:primaryType="nt:unstructured"
                    sling:resourceType="granite/ui/components/foundation/form/textfield"
                    fieldLabel="Legend label:"
                    name="./toggleLegendLabelText"
                    emptyText="Optional Legend"
                    showhidetargetvalue="enable"/>
                  <toggleOptionOneText
                    jcr:primaryType="nt:unstructured"
                    sling:resourceType="granite/ui/components/foundation/form/textfield"
                    fieldLabel="Toggle one label:"
                    name="./toggleOneText"
                    emptyText="Option one Label"
                    required="{Boolean}true"/>
                  <toggleOptionOneValue
                    jcr:primaryType="nt:unstructured"
                    sling:resourceType="granite/ui/components/foundation/form/textfield"
                    fieldLabel="Toggle one value:"
                    name="./toggleOptionOneValue"
                    required="{Boolean}true"/>
                  <toggleOptionTwoText
                    jcr:primaryType="nt:unstructured"
                    sling:resourceType="granite/ui/components/foundation/form/textfield"
                    fieldLabel="Toggle two label:"
                    name="./toggleTwoText"
                    emptyText="Option two label"
                    required="{Boolean}true"/>
                  <toggleOptionTwoValue
                    jcr:primaryType="nt:unstructured"
                    sling:resourceType="granite/ui/components/foundation/form/textfield"
                    fieldLabel="Toggle one value:"
                    name="./toggleOptionTwoValue"
                    required="{Boolean}true"/>
                </items>
              </inputToggle>
            </items>
          </columns>
        </items>
      </tab1>
    </items>
  </content>
</jcr:root>
