<?xml version="1.0" encoding="UTF-8"?>
<jcr:root xmlns:sling="http://sling.apache.org/jcr/sling/1.0"
          xmlns:cq="http://www.day.com/jcr/cq/1.0"
          xmlns:jcr="http://www.jcp.org/jcr/1.0"
          xmlns:nt="http://www.jcp.org/jcr/nt/1.0"
          jcr:primaryType="cq:Dialog"
          jcr:title="Flow Notification Messaging Options"
          xtype="dialog">
    <items
            jcr:primaryType="cq:WidgetCollection">
        <tabs
                jcr:primaryType="cq:Dialog"
                xtype="tabpanel">
            <items jcr:primaryType="cq:WidgetCollection">
              <admincontent
                        jcr:primaryType="cq:Panel"
                        title="Flow Notification Messages">
                    <items jcr:primaryType="cq:WidgetCollection">
                      <upgnotificationtext
                        jcr:primaryType="cq:Widget"
                        xtype="richtext"
                        fieldDescription="Please Provide Text"
                        fieldLabel="Upgrade Notification Text"
                        name="./upgnotificationtext"
                        required="{Boolean}true"/>
                      <aalnotificationtext
                        jcr:primaryType="cq:Widget"
                        xtype="richtext"
                        fieldDescription="Please Provide Text"
                        fieldLabel="Add A Line Notification Text"
                        name="./aalnotificationtext"
                        required="{Boolean}true"/>

                      <flowmessages
                        jcr:primaryType="cq:Widget"
                        fieldLabel="Flow Messages"
                        fieldDescription="Click the '+' button to add a message to the list"
                        name="./flowmessages"
                        xtype="multifield">
                        <fieldConfig
                          jcr:primaryType="cq:Widget"
                          border="true"
                          hideLabel="true"
                          layout="form"
                          xtype="multifieldpanel">
                          <items jcr:primaryType="cq:WidgetCollection">
                            <messageKey
                              jcr:primaryType="cq:Widget"
                              fieldLabel="Key"
                              key="messageKey"
                              name="./messageKey"
                              xtype="textfield"/>
                            <messageText
                              jcr:primaryType="cq:Widget"
                              fieldLabel="Message"
                              key="messageText"
                              name="./messageText"
                              xtype="richtext"/>
                          </items>
                        </fieldConfig>
                      </flowmessages>
                    </items>
                </admincontent>
            </items>
        </tabs>
    </items>
</jcr:root>
