<?xml version="1.0" encoding="UTF-8"?>
<jcr:root xmlns:sling="http://sling.apache.org/jcr/sling/1.0" xmlns:cq="http://www.day.com/jcr/cq/1.0"
          xmlns:jcr="http://www.jcp.org/jcr/1.0" xmlns:nt="http://www.jcp.org/jcr/nt/1.0"
          jcr:primaryType="nt:unstructured"
          jcr:title="Form Element"
          sling:resourceType="cq/gui/components/authoring/dialog"
          helpPath="en/cq/current/wcm/default_components.html#Image">
  <content
    jcr:primaryType="nt:unstructured"
    sling:resourceType="granite/ui/components/foundation/container">
    <layout
      jcr:primaryType="nt:unstructured"
      sling:resourceType="granite/ui/components/foundation/layouts/tabs"
      type="nav"/>
    <items jcr:primaryType="nt:unstructured">
      <tab1
        jcr:primaryType="nt:unstructured"
        jcr:title="Configuration"
        sling:resourceType="granite/ui/components/foundation/container">
        <layout
          jcr:primaryType="nt:unstructured"
          sling:resourceType="granite/ui/components/foundation/layouts/fixedcolumns"/>
        <items jcr:primaryType="nt:unstructured">
          <columns
            jcr:primaryType="nt:unstructured"
            sling:resourceType="granite/ui/components/foundation/container">
            <items jcr:primaryType="nt:unstructured">
              <inputType
                jcr:primaryType="nt:unstructured"
                sling:resourceType="granite/ui/components/foundation/form/select"
                class="cq-dialog-dropdown-showhide"
                cq-dialog-dropdown-showhide-target=".input-type-hide-show"
                fieldLabel="Input Type"
                name="./input-type">
                <items jcr:primaryType="nt:unstructured">
                  <text
                    jcr:primaryType="nt:unstructured"
                    text="Text"
                    value="text"/>
                </items>
              </inputType>
              <required
                jcr:primaryType="nt:unstructured"
                sling:resourceType="granite/ui/components/foundation/form/checkbox"
                cq-msm-lockable="required"
                name="./required"
                text="Required"
                value="true">
              </required>
              <inputTextLabel
                jcr:primaryType="nt:unstructured"
                jcr:title="Options"
                sling:resourceType="granite/ui/components/foundation/form/fieldset"/>

              <inputText
                jcr:primaryType="nt:unstructured"
                sling:resourceType="granite/ui/components/foundation/container"
                class="hide input-type-hide-show"
                showhidetargetvalue="text">
                <items jcr:primaryType="nt:unstructured">

                  <inputTextDropdown
                    jcr:primaryType="nt:unstructured"
                    sling:resourceType="granite/ui/components/foundation/form/dropdown"
                    fieldLabel="Form Selection"
                    name="./formSelector">
                    <items jcr:primaryType="nt:unstructured">
                      <firstName
                        jcr:primaryType="nt:unstructured"
                        text="First Name"
                        name="./firstName"
                        value="firstName"/>
                      <lastName
                        jcr:primaryType="nt:unstructured"
                        text="Last Name"
                        name="./lastName"
                        value="lastName"/>
                      <email
                        jcr:primaryType="nt:unstructured"
                        text="Email"
                        name="./email"
                        value="email"/>
                      <phone
                        jcr:primaryType="nt:unstructured"
                        text="Phone"
                        name="./phone"
                        value="phone"/>
                      <address
                        jcr:primaryType="nt:unstructured"
                        text="Address"
                        name="./address1"
                        value="address1"/>
                      <state
                        jcr:primaryType="nt:unstructured"
                        text="State"
                        name="./state"
                        value="state"/>
                      <apt
                        jcr:primaryType="nt:unstructured"
                        text="APT"
                        name="./address2"
                        value="address2"/>
                      <city
                        jcr:primaryType="nt:unstructured"
                        text="City"
                        name="./city"
                        value="city"/>
                      <dob
                        jcr:primaryType="nt:unstructured"
                        text="Date Of Birth"
                        name="./dob"
                        value="dob"/>
                      <zipCode
                        jcr:primaryType="nt:unstructured"
                        text="Zip Code"
                        name="./zip"
                        value="zip"/>
                      <ssn
                        jcr:primaryType="nt:unstructured"
                        text="SSN"
                        name="./ssn"
                        value="ssn"/>
                      <taxId
                        jcr:primaryType="nt:unstructured"
                        text="Tax Id"
                        name="./taxId"
                        value="taxId"/>
                      <defaultName
                        jcr:primaryType="nt:unstructured"
                        text="Basic Text Input"
                        name="./defaultName"
                        value="defaultName"/>
                      <defaultNumber
                        jcr:primaryType="nt:unstructured"
                        text="Basic Number Input"
                        name="./defaultNumber"
                        value="defaultNumber"/>
                    </items>
                  </inputTextDropdown>
                  <namePlaceholder
                    jcr:primaryType="nt:unstructured"
                    sling:resourceType="granite/ui/components/foundation/form/textfield"
                    fieldLabel="Placeholder Text"
                    name="./namePlaceholder"
                    required="{Boolean}true"/>
                  <nameErrorPlaceholder
                    jcr:primaryType="nt:unstructured"
                    sling:resourceType="granite/ui/components/foundation/form/textfield"
                    fieldLabel="Error Text"
                    name="./nameErrorPlaceholder"
                    required="{Boolean}true"
                    description="Use this to add a custom error message for this field."/>
                </items>
              </inputText>
            </items>
          </columns>
        </items>
      </tab1>
    </items>
  </content>
</jcr:root>
