<?xml version="1.0" encoding="UTF-8"?>
<jcr:root xmlns:sling="http://sling.apache.org/jcr/sling/1.0" xmlns:cq="http://www.day.com/jcr/cq/1.0" xmlns:jcr="http://www.jcp.org/jcr/1.0" xmlns:nt="http://www.jcp.org/jcr/nt/1.0"
          jcr:primaryType="nt:unstructured"
          jcr:title="Global Errors"
          sling:resourceType="cq/gui/components/authoring/dialog">
  <content
    jcr:primaryType="nt:unstructured"
    sling:resourceType="granite/ui/components/foundation/container">
    <layout
      jcr:primaryType="nt:unstructured"
      sling:resourceType="granite/ui/components/foundation/layouts/tabs"
      type="nav"/>
    <items jcr:primaryType="nt:unstructured">
      <globalerror
        jcr:primaryType="nt:unstructured"
        jcr:title="Global Error Defaults"
        sling:resourceType="granite/ui/components/foundation/section">
        <layout
          jcr:primaryType="nt:unstructured"
          sling:resourceType="granite/ui/components/foundation/layouts/fixedcolumns"
          margin="{Boolean}false"/>
        <items jcr:primaryType="nt:unstructured">
          <column
            jcr:primaryType="nt:unstructured"
            sling:resourceType="granite/ui/components/foundation/container">
            <items jcr:primaryType="nt:unstructured">
              <defaulterror
                jcr:primaryType="nt:unstructured"
                sling:resourceType="granite/ui/components/foundation/form/textfield"
                fieldLabel="Default Error Message"
                fieldDescription="Default Error Message"
                name="./defaulterror"/>
            </items>
          </column>
        </items>
      </globalerror>
    </items>
  </content>
</jcr:root>
