<?xml version="1.0" encoding="UTF-8"?>
<jcr:root xmlns:sling="http://sling.apache.org/jcr/sling/1.0" xmlns:cq="http://www.day.com/jcr/cq/1.0"
          xmlns:jcr="http://www.jcp.org/jcr/1.0" xmlns:nt="http://www.jcp.org/jcr/nt/1.0"
          jcr:primaryType="nt:unstructured"
          jcr:title="UI - Chat"
          sling:resourceType="cq/gui/components/authoring/dialog"
          helpPath="en/cq/current/wcm/default_components.html#Image">
    <content
          jcr:primaryType="nt:unstructured"
          sling:resourceType="granite/ui/components/foundation/container">
        <layout
            jcr:primaryType="nt:unstructured"
            sling:resourceType="granite/ui/components/foundation/layouts/tabs"
            type="nav"/>
        <items jcr:primaryType="nt:unstructured">
            <tab1
                jcr:primaryType="nt:unstructured"
                jcr:title="Attributes"
                sling:resourceType="granite/ui/components/foundation/container">
                <layout
                    jcr:primaryType="nt:unstructured"
                    sling:resourceType="granite/ui/components/foundation/layouts/fixedcolumns"/>
                <items jcr:primaryType="nt:unstructured">
                    <columns
                        jcr:primaryType="nt:unstructured"
                        sling:resourceType="granite/ui/components/foundation/container">
                        <items jcr:primaryType="nt:unstructured">
                            <column
                                jcr:primaryType="nt:unstructured"
                                sling:resourceType="granite/ui/components/foundation/container">
                                <items jcr:primaryType="nt:unstructured">
                                  <id
                                    jcr:primaryType="nt:unstructured"
                                    sling:resourceType="granite/ui/components/foundation/form/textfield"
                                    fieldLabel="ID:"
                                    name="./id"
                                    required="{Boolean}true"/>
                                    <label
                                        jcr:primaryType="nt:unstructured"
                                        sling:resourceType="granite/ui/components/foundation/form/textfield"
                                        fieldLabel="Label:"
                                        name="./label"
                                        required="{Boolean}true"/>
                                    <targeturl
                                        jcr:primaryType="nt:unstructured"
                                        sling:resourceType="granite/ui/components/foundation/form/pathbrowser"
                                        fieldLabel="Destination URL:"
                                        name="./targeturl"
                                        rootPath="/content/sprint/sprint_com/"
                                        required="{Boolean}true"/>
                                    <windowOption
                                        jcr:primaryType="nt:unstructured"
                                        sling:resourceType="granite/ui/components/foundation/form/dropdown"
                                        fieldLabel="Open in:"
                                        fieldDescription="Select where the Destination URL should be opened."
                                        name="./windowOption"
                                        defaultValue="false"
                                        value="false">
                                        <items jcr:primaryType="nt:unstructured">
                                          <no
                                              jcr:primaryType="nt:unstructured"
                                              text="Default"
                                              value="_self"/>
                                          <yes
                                              jcr:primaryType="nt:unstructured"
                                              text="New Window"
                                              value="_blank"/>
                                        </items>
                                    </windowOption>
                                    <landingPage
                                        jcr:primaryType="nt:unstructured"
                                        sling:resourceType="granite/ui/components/foundation/form/dropdown"
                                        fieldLabel="Landing Page:"
                                        name="./landingPage">
                                        <items jcr:primaryType="nt:unstructured">
                                          <generalchatlink
                                            jcr:primaryType="nt:unstructured"
                                            text="General Chat Link"
                                            value="en/login.html"/>
                                          <supportchatlink
                                            jcr:primaryType="nt:unstructured"
                                            text="Support Link"
                                            value="en/support.html"/>
                                        </items>
                                    </landingPage>
                                </items>
                            </column>
                        </items>
                    </columns>
                </items>
            </tab1>
            <tab2
                jcr:primaryType="nt:unstructured"
                jcr:title="Theme"
                sling:resourceType="granite/ui/components/foundation/container">
                <layout
                    jcr:primaryType="nt:unstructured"
                    sling:resourceType="granite/ui/components/foundation/layouts/fixedcolumns"/>
                <items jcr:primaryType="nt:unstructured">
                    <columns
                        jcr:primaryType="nt:unstructured"
                        sling:resourceType="granite/ui/components/foundation/container">
                        <items jcr:primaryType="nt:unstructured">
                            <buttonSize
                                jcr:primaryType="nt:unstructured"
                                sling:resourceType="granite/ui/components/foundation/form/select"
                                fieldLabel="Size:"
                                name="./buttonSize">
                                <items jcr:primaryType="nt:unstructured">
                                    <default
                                        jcr:primaryType="nt:unstructured"
                                        text="Default"
                                        value=""/>
                                    <small
                                        jcr:primaryType="nt:unstructured"
                                        text="Small"
                                        value="button--sm"/>
                                </items>
                            </buttonSize>
                            <buttonStyle
                                jcr:primaryType="nt:unstructured"
                                sling:resourceType="granite/ui/components/foundation/form/select"
                                fieldLabel="Style:"
                                name="./buttonStyle">
                                <items jcr:primaryType="nt:unstructured">
                                    <default
                                        jcr:primaryType="nt:unstructured"
                                        text="Primary"
                                        value=""/>
                                    <buttonsecondary
                                        jcr:primaryType="nt:unstructured"
                                        text="Secondary (outlined)"
                                        value="button--secondary"/>
                                    <buttonlink
                                        jcr:primaryType="nt:unstructured"
                                        text="Text Link"
                                        value="button--link"/>
                                </items>
                            </buttonStyle>
                            <buttonTheme
                                jcr:primaryType="nt:unstructured"
                                sling:resourceType="granite/ui/components/foundation/form/select"
                                fieldLabel="Theme:"
                                name="./buttonTheme">
                                <items jcr:primaryType="nt:unstructured">
                                    <none
                                        jcr:primaryType="nt:unstructured"
                                        text="None"
                                        value=""/>
                                    <onyellow
                                        jcr:primaryType="nt:unstructured"
                                        text="Button on yellow background"
                                        value="button--on-yellow"/>
                                    <ongray
                                        jcr:primaryType="nt:unstructured"
                                        text="Button on gray background"
                                        value="button--on-gray"/>
                                    <white
                                        jcr:primaryType="nt:unstructured"
                                        text="White Button"
                                        value="button--white"/>
                                </items>
                            </buttonTheme>
                            <buttoniconstate
                                jcr:primaryType="nt:unstructured"
                                sling:resourceType="granite/ui/components/foundation/form/select"
                                cq-dialog-dropdown-showhide-target=".list-option-buttoniconstate-showhide-target"
                                class="cq-dialog-dropdown-showhide"
                                fieldLabel="Button icon:"
                                defaultvalue="buttonicon--disable"
                                name="./buttoniconstate">
                                <items jcr:primaryType="nt:unstructured">
                                    <disable
                                        jcr:primaryType="nt:unstructured"
                                        text="Disable"
                                        value="buttonicon--disable"/>
                                    <enable
                                        jcr:primaryType="nt:unstructured"
                                        text="Enable"
                                        value="buttonicon--enable"/>
                                </items>
                            </buttoniconstate>
                            <buttoniconshowhide
                                jcr:primaryType="nt:unstructured"
                                sling:resourceType="granite/ui/components/foundation/container"
                                class="list-option-buttoniconstate-showhide-target"
                                showhidetargetvalue="buttonicon--enable">
                                <items jcr:primaryType="nt:unstructured">
                                    <iconname
                                        jcr:primaryType="nt:unstructured"
                                        sling:resourceType="granite/ui/components/foundation/form/textfield"
                                        fieldDescription="Type in name of icon. To find a list of available icons, see iconfont on the Sprint style-guide."
                                        fieldLabel="Icon name:"
                                        name="./iconname"/>
                                </items>
                            </buttoniconshowhide>
                            <buttonReturn
                                jcr:primaryType="nt:unstructured"
                                sling:resourceType="granite/ui/components/foundation/form/select"
                                fieldDescription="Enable to show return arrow instead."
                                fieldLabel="Return style:"
                                name="./buttonReturn">
                                <items jcr:primaryType="nt:unstructured">
                                    <disable
                                        jcr:primaryType="nt:unstructured"
                                        text="Disable"
                                        value=""/>
                                    <enable
                                        jcr:primaryType="nt:unstructured"
                                        text="Enable"
                                        value="button--return"/>
                                </items>
                            </buttonReturn>
                            <buttonWeight
                                jcr:primaryType="nt:unstructured"
                                sling:resourceType="granite/ui/components/foundation/form/select"
                                fieldLabel="Font weight:"
                                name="./buttonWeight">
                                <items jcr:primaryType="nt:unstructured">
                                    <default
                                        jcr:primaryType="nt:unstructured"
                                        text="Normal"
                                        value=""/>
                                    <buttonmedium
                                        jcr:primaryType="nt:unstructured"
                                        text="Medium"
                                        value="font-medium"/>
                                </items>
                            </buttonWeight>
                            <buttonMinWidth
                                jcr:primaryType="nt:unstructured"
                                sling:resourceType="granite/ui/components/foundation/form/select"
                                fieldDescription="Select a min-width to keep a set of buttons the same width."
                                fieldLabel="Min-width:"
                                name="./buttonMinWidth">
                                <items jcr:primaryType="nt:unstructured">
                                    <default
                                        jcr:primaryType="nt:unstructured"
                                        text="None"
                                        value=""/>
                                    <smwidth
                                        jcr:primaryType="nt:unstructured"
                                        text="Small (185px)"
                                        value="button--minwidth-sm"/>
                                    <mdwidth
                                        jcr:primaryType="nt:unstructured"
                                        text="Medium (240px)"
                                        value="button--minwidth-md"/>
                                    <lgwidth
                                        jcr:primaryType="nt:unstructured"
                                        text="Large (300px)"
                                        value="button--minwidth-lg"/>
                                </items>
                            </buttonMinWidth>
                            <buttonFullWidth
                                jcr:primaryType="nt:unstructured"
                                sling:resourceType="granite/ui/components/foundation/form/select"
                                fieldDescription="Button will expand 100% in container or only on mobile."
                                fieldLabel="Full width:"
                                name="./buttonFullWidth">
                                <items jcr:primaryType="nt:unstructured">
                                    <default
                                        jcr:primaryType="nt:unstructured"
                                        text="None"
                                        value=""/>
                                    <fullwidth
                                        jcr:primaryType="nt:unstructured"
                                        text="100%"
                                        value="button--full"/>
                                    <fullwidthmobile
                                        jcr:primaryType="nt:unstructured"
                                        text="100% on mobile only"
                                        value="button--full-on-mobile"/>
                                </items>
                            </buttonFullWidth>
                        </items>
                    </columns>
                </items>
            </tab2>
        </items>
    </content>
</jcr:root>
