<?xml version="1.0" encoding="UTF-8"?>
<jcr:root xmlns:sling="http://sling.apache.org/jcr/sling/1.0" xmlns:cq="http://www.day.com/jcr/cq/1.0"
          xmlns:jcr="http://www.jcp.org/jcr/1.0" xmlns:nt="http://www.jcp.org/jcr/nt/1.0"
          jcr:primaryType="nt:unstructured"
          jcr:title="Call To Action"
          sling:resourceType="cq/gui/components/authoring/dialog"
          extraClientlibs="[cq.common.wcm,cq.siteadmin.admin.properties]"
          mode="edit">
    <content
            jcr:primaryType="nt:unstructured"
            sling:resourceType="granite/ui/components/foundation/container"
            class="cq-dialog-content-page">
        <items jcr:primaryType="nt:unstructured">
            <tabs
                    jcr:primaryType="nt:unstructured"
                    sling:resourceType="granite/ui/components/foundation/container"
                    rel="cq-siteadmin-admin-properties-tabs">
                <layout
                        jcr:primaryType="nt:unstructured"
                        sling:resourceType="granite/ui/components/foundation/layouts/tabs"
                        type="nav"/>
                <items jcr:primaryType="nt:unstructured">
                    <buttonOption1
                            cq:showOnCreate="{Boolean}true"
                            jcr:primaryType="nt:unstructured"
                            jcr:title="button 1"
                            sling:resourceType="granite/ui/components/foundation/section">
                        <layout
                                jcr:primaryType="nt:unstructured"
                                sling:resourceType="granite/ui/components/foundation/layouts/fixedcolumns"
                                margin="{Boolean}false"/>
                        <items jcr:primaryType="nt:unstructured">
                            <column
                                    jcr:primaryType="nt:unstructured"
                                    sling:resourceType="granite/ui/components/foundation/container">
                                <items jcr:primaryType="nt:unstructured">
                                    <text
                                            jcr:primaryType="nt:unstructured"
                                            sling:resourceType="granite/ui/components/foundation/form/textfield"
                                            fieldDescription="Please Provide Text."
                                            fieldLabel="Text"
                                            name="./buttonText1"/>
                                    <subtext
                                            jcr:primaryType="nt:unstructured"
                                            sling:resourceType="granite/ui/components/foundation/form/textfield"
                                            fieldDescription="Please Provide Text."
                                            fieldLabel="Subtext"
                                            name="./subtext1"
                                            maxlength="256"/>
                                    <targeturl
                                            jcr:primaryType="nt:unstructured"
                                            sling:resourceType="granite/ui/components/foundation/form/pathbrowser"
                                            fieldDescription="Provide the Destination URL"
                                            fieldLabel="Destination URL"
                                            name="./urlTarget1"/>
                                    <windowoption
                                            jcr:primaryType="nt:unstructured"
                                            sling:resourceType="granite/ui/components/foundation/form/select"
                                            fieldDescription="Select where the Destination URL should be opened"
                                            fieldLabel="Open Link in"
                                            name="./windowSelection1">
                                        <items jcr:primaryType="nt:unstructured">
                                            <samewindow
                                                    jcr:primaryType="nt:unstructured"
                                                    text="Same Window"
                                                    value="_self"/>
                                            <newwindow
                                                    jcr:primaryType="nt:unstructured"
                                                    text="New Window"
                                                    value="_blank"/>
                                        </items>
                                    </windowoption>
                                    <legal
                                      jcr:primaryType="nt:unstructured"
                                      sling:resourceType="granite/ui/components/foundation/form/textfield"
                                      fieldLabel="Legal"
                                      name="./legal1"/>
                                    <atgtargeter
                                        jcr:primaryType="nt:unstructured"
                                        sling:resourceType="granite/ui/components/foundation/form/textfield"
                                        fieldLabel="Targeter"
                                        name="./atgtargeter1"/>
                                </items>
                            </column>
                        </items>
                    </buttonOption1>
                    <buttonOption2
                            cq:showOnCreate="{Boolean}true"
                            jcr:primaryType="nt:unstructured"
                            jcr:title="button 2"
                            sling:resourceType="granite/ui/components/foundation/section">
                        <layout
                                jcr:primaryType="nt:unstructured"
                                sling:resourceType="granite/ui/components/foundation/layouts/fixedcolumns"
                                margin="{Boolean}false"/>
                        <items jcr:primaryType="nt:unstructured">
                            <column
                                    jcr:primaryType="nt:unstructured"
                                    sling:resourceType="granite/ui/components/foundation/container">
                                <items jcr:primaryType="nt:unstructured">
                                    <text
                                            jcr:primaryType="nt:unstructured"
                                            sling:resourceType="granite/ui/components/foundation/form/textfield"
                                            fieldDescription="Please Provide Text."
                                            fieldLabel="Text"
                                            name="./buttonText2"/>
                                    <subtext
                                            jcr:primaryType="nt:unstructured"
                                            sling:resourceType="granite/ui/components/foundation/form/textfield"
                                            fieldDescription="Please Provide Text."
                                            fieldLabel="Subtext"
                                            name="./subtext2"
                                            maxlength="256"/>
                                    <targeturl
                                            jcr:primaryType="nt:unstructured"
                                            sling:resourceType="granite/ui/components/foundation/form/pathbrowser"
                                            fieldDescription="Provide the Destination URL"
                                            fieldLabel="Destination URL"
                                            name="./urlTarget2"/>
                                    <windowoption
                                            jcr:primaryType="nt:unstructured"
                                            sling:resourceType="granite/ui/components/foundation/form/select"
                                            fieldDescription="Select where the Destination URL should be opened"
                                            fieldLabel="Open Link in"
                                            name="./windowSelection2">
                                        <items jcr:primaryType="nt:unstructured">
                                            <samewindow
                                                    jcr:primaryType="nt:unstructured"
                                                    text="Same Window"
                                                    value="_self"/>
                                            <newwindow
                                                    jcr:primaryType="nt:unstructured"
                                                    text="New Window"
                                                    value="_blank"/>
                                        </items>
                                    </windowoption>
                                    <legal
                                      jcr:primaryType="nt:unstructured"
                                      sling:resourceType="granite/ui/components/foundation/form/textfield"
                                      fieldLabel="Legal"
                                      name="./legal2"/>
                                    <atgtargeter
                                        jcr:primaryType="nt:unstructured"
                                        sling:resourceType="granite/ui/components/foundation/form/textfield"
                                        fieldLabel="Targeter"
                                        name="./atgtargeter2"/>
                                </items>
                            </column>
                        </items>
                    </buttonOption2>
                    <buttonOption3
                            cq:showOnCreate="{Boolean}true"
                            jcr:primaryType="nt:unstructured"
                            jcr:title="button 3"
                            sling:resourceType="granite/ui/components/foundation/section">
                        <layout
                                jcr:primaryType="nt:unstructured"
                                sling:resourceType="granite/ui/components/foundation/layouts/fixedcolumns"
                                margin="{Boolean}false"/>
                        <items jcr:primaryType="nt:unstructured">
                            <column
                                    jcr:primaryType="nt:unstructured"
                                    sling:resourceType="granite/ui/components/foundation/container">
                                <items jcr:primaryType="nt:unstructured">
                                    <text
                                            jcr:primaryType="nt:unstructured"
                                            sling:resourceType="granite/ui/components/foundation/form/textfield"
                                            fieldDescription="Please Provide Text."
                                            fieldLabel="Text"
                                            name="./buttonText3"/>
                                    <subtext
                                            jcr:primaryType="nt:unstructured"
                                            sling:resourceType="granite/ui/components/foundation/form/textfield"
                                            fieldDescription="Please Provide Text."
                                            fieldLabel="Subtext"
                                            name="./subtext3"
                                            maxlength="256"/>
                                    <targeturl
                                            jcr:primaryType="nt:unstructured"
                                            sling:resourceType="granite/ui/components/foundation/form/pathbrowser"
                                            fieldDescription="Provide the Destination URL"
                                            fieldLabel="Destination URL"
                                            name="./urlTarget3"/>
                                    <windowoption
                                            jcr:primaryType="nt:unstructured"
                                            sling:resourceType="granite/ui/components/foundation/form/select"
                                            fieldDescription="Select where the Destination URL should be opened"
                                            fieldLabel="Open Link in"
                                            name="./windowSelection3">
                                        <items jcr:primaryType="nt:unstructured">
                                            <samewindow
                                                    jcr:primaryType="nt:unstructured"
                                                    text="Same Window"
                                                    value="_self"/>
                                            <newwindow
                                                    jcr:primaryType="nt:unstructured"
                                                    text="New Window"
                                                    value="_blank"/>
                                        </items>
                                    </windowoption>
                                    <legal
                                      jcr:primaryType="nt:unstructured"
                                      sling:resourceType="granite/ui/components/foundation/form/textfield"
                                      fieldLabel="Legal"
                                      name="./legal3"/>
                                    <atgtargeter
                                        jcr:primaryType="nt:unstructured"
                                        sling:resourceType="granite/ui/components/foundation/form/textfield"
                                        fieldLabel="Targeter"
                                        name="./atgtargeter3"/>
                                </items>
                            </column>
                        </items>
                    </buttonOption3>
                    <buttonOption4
                            cq:showOnCreate="{Boolean}true"
                            jcr:primaryType="nt:unstructured"
                            jcr:title="button 4"
                            sling:resourceType="granite/ui/components/foundation/section">
                        <layout
                                jcr:primaryType="nt:unstructured"
                                sling:resourceType="granite/ui/components/foundation/layouts/fixedcolumns"
                                margin="{Boolean}false"/>
                        <items jcr:primaryType="nt:unstructured">
                            <column
                                    jcr:primaryType="nt:unstructured"
                                    sling:resourceType="granite/ui/components/foundation/container">
                                <items jcr:primaryType="nt:unstructured">
                                    <text
                                            jcr:primaryType="nt:unstructured"
                                            sling:resourceType="granite/ui/components/foundation/form/textfield"
                                            fieldDescription="Please Provide Text."
                                            fieldLabel="Text"
                                            name="./buttonText4"/>
                                    <subtext
                                            jcr:primaryType="nt:unstructured"
                                            sling:resourceType="granite/ui/components/foundation/form/textfield"
                                            fieldDescription="Please Provide Text."
                                            fieldLabel="Subtext"
                                            name="./subtext4"
                                            maxlength="256"/>
                                    <targeturl
                                            jcr:primaryType="nt:unstructured"
                                            sling:resourceType="granite/ui/components/foundation/form/pathbrowser"
                                            fieldDescription="Provide the Destination URL"
                                            fieldLabel="Destination URL"
                                            name="./urlTarget4"/>
                                    <windowoption
                                            jcr:primaryType="nt:unstructured"
                                            sling:resourceType="granite/ui/components/foundation/form/select"
                                            fieldDescription="Select where the Destination URL should be opened"
                                            fieldLabel="Open Link in"
                                            name="./windowSelection4">
                                        <items jcr:primaryType="nt:unstructured">
                                            <samewindow
                                                    jcr:primaryType="nt:unstructured"
                                                    text="Same Window"
                                                    value="_self"/>
                                            <newwindow
                                                    jcr:primaryType="nt:unstructured"
                                                    text="New Window"
                                                    value="_blank"/>
                                        </items>
                                    </windowoption>
                                    <legal
                                      jcr:primaryType="nt:unstructured"
                                      sling:resourceType="granite/ui/components/foundation/form/textfield"
                                      fieldLabel="Legal"
                                      name="./legal4"/>
                                    <atgtargeter
                                        jcr:primaryType="nt:unstructured"
                                        sling:resourceType="granite/ui/components/foundation/form/textfield"
                                        fieldLabel="Targeter"
                                        name="./atgtargeter4"/>
                                </items>
                            </column>
                        </items>
                    </buttonOption4>
                    <tab
                      jcr:primaryType="nt:unstructured"
                      jcr:title="Analytics"
                      sling:resourceType="granite/ui/components/foundation/container">
                      <layout
                        jcr:primaryType="nt:unstructured"
                        sling:resourceType="granite/ui/components/foundation/layouts/fixedcolumns"/>
                      <items jcr:primaryType="nt:unstructured">
                        <columns
                          jcr:primaryType="nt:unstructured"
                          sling:resourceType="granite/ui/components/foundation/container">
                          <items jcr:primaryType="nt:unstructured">
                            <heading
                              jcr:primaryType="nt:unstructured"
                              sling:resourceType="granite/ui/components/foundation/form/textfield"
                              fieldLabel="Heading text"
                              name="./heading"/>
                            <pageid
                              jcr:primaryType="nt:unstructured"
                              sling:resourceType="granite/ui/components/foundation/form/textfield"
                              fieldLabel="Page ID"
                              fieldDescription="On the home page, this is always 'hp'"
                              name="./pageid"/>
                            <module
                              jcr:primaryType="nt:unstructured"
                              sling:resourceType="granite/ui/components/foundation/form/textfield"
                              fieldLabel="Module"
                              fieldDescription="Groups of display ads are called modules. They should be named sequentially (like mod1, mod2, etc)."
                              name="./module"/>
                            <pod
                              jcr:primaryType="nt:unstructured"
                              sling:resourceType="granite/ui/components/foundation/form/textfield"
                              fieldLabel="Pod"
                              fieldDescription="The pod within a display module."
                              name="./pod"/>
                            <offerimp
                              jcr:primaryType="nt:unstructured"
                              sling:resourceType="granite/ui/components/foundation/form/textfield"
                              fieldLabel="offer-imp"
                              fieldDescription="This is the offer ID.  If the item is clickable, this is the same as the INTCID value in the URL."
                              name="./offerimp"/>
                          </items>
                        </columns>
                      </items>
                    </tab>
                </items>
            </tabs>
        </items>
    </content>
</jcr:root>
