<?xml version="1.0" encoding="UTF-8"?>
<jcr:root xmlns:sling="http://sling.apache.org/jcr/sling/1.0" xmlns:cq="http://www.day.com/jcr/cq/1.0"
          xmlns:jcr="http://www.jcp.org/jcr/1.0" xmlns:nt="http://www.jcp.org/jcr/nt/1.0"
          jcr:primaryType="nt:unstructured"
          jcr:title="Form Picker Element"
          sling:resourceType="cq/gui/components/authoring/dialog"
          helpPath="en/cq/current/wcm/default_components.html#Image">
  <content
    jcr:primaryType="nt:unstructured"
    sling:resourceType="granite/ui/components/foundation/container">
    <layout
      jcr:primaryType="nt:unstructured"
      sling:resourceType="granite/ui/components/foundation/layouts/tabs"
      type="nav"/>
    <items jcr:primaryType="nt:unstructured">
      <tab1
        jcr:primaryType="nt:unstructured"
        jcr:title="Configuration"
        sling:resourceType="granite/ui/components/foundation/container">
        <layout
          jcr:primaryType="nt:unstructured"
          sling:resourceType="granite/ui/components/foundation/layouts/fixedcolumns"/>
        <items jcr:primaryType="nt:unstructured">
          <columns
            jcr:primaryType="nt:unstructured"
            sling:resourceType="granite/ui/components/foundation/container">
            <items jcr:primaryType="nt:unstructured">
              <required
                jcr:primaryType="nt:unstructured"
                sling:resourceType="granite/ui/components/foundation/form/checkbox"
                cq-msm-lockable="required"
                name="./required"
                text="Required"
                value="true">
              </required>
              <groupName
                jcr:primaryType="nt:unstructured"
                sling:resourceType="granite/ui/components/foundation/form/textfield"
                fieldLabel="Group Name:"
                emptyText="A group name to make a section of radio buttons"
                name="./pickerGroupName"
                required="{Boolean}true"/>
              <pickerType
                jcr:primaryType="nt:unstructured"
                sling:resourceType="granite/ui/components/foundation/form/select"
                fieldLabel="Picker Type"
                name="./pickerType">
                <items jcr:primaryType="nt:unstructured">
                  <radio
                    jcr:primaryType="nt:unstructured"
                    text="Radio"
                    value="radio"/>
                  <checkbox
                    jcr:primaryType="nt:unstructured"
                    text="Checkbox"
                    value="checkbox"/>
                </items>
              </pickerType>
              <legendLabel
                jcr:primaryType="nt:unstructured"
                sling:resourceType="granite/ui/components/foundation/form/textfield"
                fieldLabel="Legend Label label:"
                emptyText="The legend above the radio buttons"
                name="./pickerLegendLabelText"/>
              <rowColumns
                jcr:primaryType="nt:unstructured"
                sling:resourceType="granite/ui/components/foundation/form/multifield"
                class="foundation-layout-util-maximized-alt long-label"
                fieldLabel="Add Picker:">
                <field
                  jcr:primaryType="nt:unstructured"
                  sling:resourceType="granite/ui/components/foundation/form/fieldset"
                  acs-commons-nested="JSON_STORE"
                  name="./pickerListOptions">
                  <layout
                    jcr:primaryType="nt:unstructured"
                    sling:resourceType="granite/ui/components/foundation/layouts/fixedcolumns"
                    method="absolute"/>
                  <items jcr:primaryType="nt:unstructured">
                    <column
                      jcr:primaryType="nt:unstructured"
                      sling:resourceType="granite/ui/components/foundation/container">
                      <items jcr:primaryType="nt:unstructured">
                        <inputTextLabel
                          jcr:primaryType="nt:unstructured"
                          jcr:title="Picker Options:"
                          sling:resourceType="granite/ui/components/foundation/form/fieldset"/>
                        <pickerListOptionText
                          jcr:primaryType="nt:unstructured"
                          sling:resourceType="granite/ui/components/foundation/form/textfield"
                          fieldLabel="Option Label:"
                          emptyText="Radio/Checkbox label"
                          name="./pickerListOptionText"
                          required="{Boolean}true"/>
                        <pickerListOptionValue
                          jcr:primaryType="nt:unstructured"
                          sling:resourceType="granite/ui/components/foundation/form/textfield"
                          fieldLabel="Option Value:"
                          emptyText="Radio/Checkbox value"
                          name="./pickerListOptionValue"
                          required="{Boolean}true"/>
                        <tooltipText
                          jcr:primaryType="nt:unstructured"
                          sling:resourceType="granite/ui/components/foundation/form/textfield"
                          fieldLabel="Tooltip Label:"
                          emptyText="Optional field for Tooltip Label"
                          name="./pickerTooltipText"/>
                      </items>
                    </column>
                  </items>
                </field>
              </rowColumns>
            </items>
          </columns>
        </items>
      </tab1>
    </items>
  </content>
</jcr:root>
