<?xml version="1.0" encoding="UTF-8"?>
<jcr:root xmlns:sling="http://sling.apache.org/jcr/sling/1.0" xmlns:cq="http://www.day.com/jcr/cq/1.0" xmlns:jcr="http://www.jcp.org/jcr/1.0" xmlns:nt="http://www.jcp.org/jcr/nt/1.0"
  jcr:primaryType="nt:unstructured"
  jcr:title="Column Control"
  sling:resourceType="cq/gui/components/authoring/dialog">
  <content
    jcr:primaryType="nt:unstructured"
    sling:resourceType="granite/ui/components/foundation/container">
    <layout
      jcr:primaryType="nt:unstructured"
      sling:resourceType="granite/ui/components/foundation/layouts/tabs"
      type="nav"/>
    <items jcr:primaryType="nt:unstructured">
      <tab1
        jcr:primaryType="nt:unstructured"
        jcr:title="Content"
        sling:resourceType="granite/ui/components/foundation/container">
        <layout
          jcr:primaryType="nt:unstructured"
          sling:resourceType="granite/ui/components/foundation/layouts/fixedcolumns"/>
        <items jcr:primaryType="nt:unstructured">
          <columns
            jcr:primaryType="nt:unstructured"
            sling:resourceType="granite/ui/components/foundation/container">
            <items jcr:primaryType="nt:unstructured">
              <numberofcolumns
                jcr:primaryType="nt:unstructured"
                sling:resourceType="granite/ui/components/foundation/form/numberfield"
                fieldLabel="# of Columns"
                name="./numberofcolumns"
                min="2"
                value="2"
                max="4" />
            <borderbottom
              jcr:primaryType="nt:unstructured"
              sling:resourceType="granite/ui/components/foundation/form/checkbox"
              name="./borderBottom"
              text="Add bottom border for mobile"
              value="true" />
            </items>
          </columns>
        </items>
      </tab1>
    </items>
  </content>
</jcr:root>
