<?xml version="1.0" encoding="UTF-8"?>
<jcr:root xmlns:sling="http://sling.apache.org/jcr/sling/1.0" xmlns:cq="http://www.day.com/jcr/cq/1.0" xmlns:jcr="http://www.jcp.org/jcr/1.0" xmlns:nt="http://www.jcp.org/jcr/nt/1.0"
    jcr:primaryType="nt:unstructured"
    jcr:title="My Sprint(Care) App"
    sling:resourceType="cq/gui/components/authoring/dialog">
    <content
        jcr:primaryType="nt:unstructured"
        sling:resourceType="granite/ui/components/foundation/container"
        class="cq-dialog-content-page">
        <items jcr:primaryType="nt:unstructured">
            <tabs
                jcr:primaryType="nt:unstructured"
                sling:resourceType="granite/ui/components/foundation/container"
                rel="cq-siteadmin-admin-properties-tabs">
                <layout
                    jcr:primaryType="nt:unstructured"
                    sling:resourceType="granite/ui/components/foundation/layouts/tabs"
                    type="nav"/>
                <items jcr:primaryType="nt:unstructured">
                    <listelements
                        cq:showOnCreate="{Boolean}true"
                        jcr:primaryType="nt:unstructured"
                        jcr:title="Client Libraries"
                        sling:resourceType="granite/ui/components/foundation/section">
                        <layout
                            jcr:primaryType="nt:unstructured"
                            sling:resourceType="granite/ui/components/foundation/layouts/fixedcolumns"
                            margin="{Boolean}false"/>
                        <items jcr:primaryType="nt:unstructured">
                            <column
                                jcr:primaryType="nt:unstructured"
                                sling:resourceType="granite/ui/components/foundation/container">
                                <items jcr:primaryType="nt:unstructured">
                                    <links
                                        jcr:primaryType="nt:unstructured"
                                        sling:resourceType="granite/ui/components/foundation/form/multifield"
                                        class="full-width"
                                        fieldLabel="Libraries to load">
                                        <field
                                            jcr:primaryType="nt:unstructured"
                                            sling:resourceType="granite/ui/components/foundation/form/fieldset"
                                            acs-commons-nested="JSON_STORE"
                                            name="./libstoload">
                                            <layout
                                                jcr:primaryType="nt:unstructured"
                                                sling:resourceType="granite/ui/components/foundation/layouts/fixedcolumns"
                                                method="absolute"/>
                                            <items jcr:primaryType="nt:unstructured">
                                                <column
                                                    jcr:primaryType="nt:unstructured"
                                                    sling:resourceType="granite/ui/components/foundation/container">
                                                    <items jcr:primaryType="nt:unstructured">
                                                        <dropDownFields
                                                            jcr:primaryType="nt:unstructured"
                                                            sling:resourceType="granite/ui/components/foundation/form/select"
                                                            fieldLabel="ClientLib List"
                                                            name="./clientlibname">
                                                            <datasource
                                                                jcr:primaryType="nt:unstructured"
                                                                sling:resourceType="/apps/sprint-transformation/components/content/clientlibsdropdown" />
                                                        </dropDownFields>
                                                    </items>
                                                </column>
                                            </items>
                                        </field>
                                    </links>
                                </items>
                            </column>
                        </items>
                    </listelements>
                    <target
                      jcr:primaryType="nt:unstructured"
                      jcr:title="Run Targeter"
                      sling:resourceType="granite/ui/components/foundation/section">
                      <items jcr:primaryType="nt:unstructured">
                        <column
                          jcr:primaryType="nt:unstructured"
                          sling:resourceType="granite/ui/components/foundation/container">
                          <items jcr:primaryType="nt:unstructured">
                            <runtargeterpath
                              jcr:primaryType="nt:unstructured"
                              sling:resourceType="granite/ui/components/foundation/form/textfield"
                              fieldLabel="Run Targeter Path"
                              name="./upgraderuntargeterpath"/>
                              <nbaCheck
                                  jcr:primaryType="nt:unstructured"
                                  sling:resourceType="granite/ui/components/foundation/form/checkbox"
                                  fieldDescription="Check this to enable NBA content on RunTargeter"
                                  name="./nbaCheck"
                                  text="NBA"
                                  value="true">
                              </nbaCheck>
                              <irValue
                                  jcr:primaryType="nt:unstructured"
                                  sling:resourceType="granite/ui/components/foundation/form/textfield"
                                  emptyText="IR value if NBA is checked"
                                  fieldLabel="IR Value"
                                  name="./irValue"/>
                          </items>
                        </column>
                      </items>
                    </target>
                    <defaultcontent
                      jcr:primaryType="nt:unstructured"
                      jcr:title="Default Content"
                      sling:resourceType="granite/ui/components/foundation/section">
                      <items jcr:primaryType="nt:unstructured">
                        <column
                          jcr:primaryType="nt:unstructured"
                          sling:resourceType="granite/ui/components/foundation/container">
                          <items jcr:primaryType="nt:unstructured">
                            <defaultmessagetext
                              jcr:primaryType="nt:unstructured"
                              sling:resourceType="granite/ui/components/foundation/form/textfield"
                              fieldLabel="Message"
                              fieldDescription="The default message for upgrade banner"
                              name="./upgradedefaultmessagetext"/>
                            <defaultbuttontext
                              jcr:primaryType="nt:unstructured"
                              sling:resourceType="granite/ui/components/foundation/form/textfield"
                              fieldLabel="Button Text"
                              fieldDescription="The default text for the cta button"
                              name="./upgradedefaultbuttontext"/>
                            <defaultbuttonurl
                              jcr:primaryType="nt:unstructured"
                              sling:resourceType="granite/ui/components/foundation/form/textfield"
                              fieldLabel="Button URL"
                              fieldDescription="The default URL for the cta button"
                              name="./upgradedefaultbuttonurl"/>
                            <defaultbuttonmobileurl
                              jcr:primaryType="nt:unstructured"
                              sling:resourceType="granite/ui/components/foundation/form/textfield"
                              fieldLabel="Mobile Button URL"
                              fieldDescription="The default URL for the mobile cta button"
                              name="./upgradedefaultbuttonmobileurl"/>
                          </items>
                        </column>
                      </items>
                    </defaultcontent>
                </items>
            </tabs>
        </items>
    </content>
</jcr:root>
