<?xml version="1.0" encoding="UTF-8"?>
<jcr:root xmlns:sling="http://sling.apache.org/jcr/sling/1.0" xmlns:cq="http://www.day.com/jcr/cq/1.0"
    xmlns:jcr="http://www.jcp.org/jcr/1.0"
    xmlns:nt="http://www.jcp.org/jcr/nt/1.0"
    jcr:primaryType="nt:unstructured"
    jcr:title="Devices Carousel"
    sling:resourceType="cq/gui/components/authoring/dialog">
<content
    jcr:primaryType="nt:unstructured"
    sling:resourceType="granite/ui/components/foundation/container">
    <layout
        jcr:primaryType="nt:unstructured"
        sling:resourceType="granite/ui/components/foundation/layouts/tabs"
        type="nav"/>
    <items jcr:primaryType="nt:unstructured">
        <tab1
            jcr:primaryType="nt:unstructured"
            jcr:title="Devices"
            sling:resourceType="granite/ui/components/foundation/container">
            <layout
                jcr:primaryType="nt:unstructured"
                sling:resourceType="granite/ui/components/foundation/layouts/fixedcolumns"/>
            <items jcr:primaryType="nt:unstructured">
                <columns
                    jcr:primaryType="nt:unstructured"
                    sling:resourceType="granite/ui/components/foundation/container">
                    <items jcr:primaryType="nt:unstructured">
                        <headline
                            jcr:primaryType="nt:unstructured"
                            sling:resourceType="granite/ui/components/foundation/form/textfield"
                            fieldDescription="Please Provide Headline"
                            fieldLabel="Headline"
                            name="./headline"
                            required="{Boolean}true"/>
                        <devicemenu
                            jcr:primaryType="nt:unstructured"
                            jcr:title="Add 3-5 Devices"
                            sling:resourceType="granite/ui/components/foundation/form/fieldset"/>
                        <devices
                            cq:showOnCreate="{Boolean}false"
                            jcr:primaryType="nt:unstructured"
                            sling:resourceType="granite/ui/components/foundation/form/multifield"
                            fieldLabel="Devices">
                            <field
                                jcr:primaryType="nt:unstructured"
                                sling:resourceType="granite/ui/components/foundation/form/fieldset"
                                acs-commons-nested="JSON_STORE"
                                cq-msm-lockable="devices"
                                name="./devices">
                                <layout
                                    jcr:primaryType="nt:unstructured"
                                    sling:resourceType="granite/ui/components/foundation/layouts/fixedcolumns"
                                    method="absolute"/>
                                <items jcr:primaryType="nt:unstructured">
                                    <column
                                        jcr:primaryType="nt:unstructured"
                                        sling:resourceType="granite/ui/components/foundation/container">
                                        <items jcr:primaryType="nt:unstructured">
                                            <ensembleid
                                                jcr:primaryType="nt:unstructured"
                                                sling:resourceType="granite/ui/components/foundation/form/textfield"
                                                fieldLabel="Ensemble ID"
                                                name="./ensembleid"/>
                                        </items>
                                    </column>
                                </items>
                            </field>
                         </devices>
                    </items>
                </columns>
            </items>
        </tab1>
        <tab2
            jcr:primaryType="nt:unstructured"
            jcr:title="Button"
            sling:resourceType="granite/ui/components/foundation/container">
            <layout
                jcr:primaryType="nt:unstructured"
                sling:resourceType="granite/ui/components/foundation/layouts/fixedcolumns"/>
            <items jcr:primaryType="nt:unstructured">
                <columns
                    jcr:primaryType="nt:unstructured"
                    sling:resourceType="granite/ui/components/foundation/container">
                    <items jcr:primaryType="nt:unstructured">
                        <tagattributes
                            jcr:primaryType="nt:unstructured"
                            jcr:title="Link Attributes"
                            sling:resourceType="granite/ui/components/foundation/form/fieldset">
                            <items jcr:primaryType="nt:unstructured">
                                <text
                                    jcr:primaryType="nt:unstructured"
                                    sling:resourceType="granite/ui/components/foundation/form/textfield"
                                    fieldDescription="Please Provide Text"
                                    fieldLabel="Text"
                                    name="./text"
                                    required="{Boolean}true"/>
                                <targeturl
                                    jcr:primaryType="nt:unstructured"
                                    sling:resourceType="granite/ui/components/foundation/form/pathbrowser"
                                    fieldDescription="Provide the Destination URL"
                                    fieldLabel="Destination URL"
                                    name="./urlTarget"
                                    required="{Boolean}true"/>
                                <windowoption
                                    jcr:primaryType="nt:unstructured"
                                    sling:resourceType="granite/ui/components/foundation/form/select"
                                    fieldDescription="Select where the Destination URL should be opened"
                                    fieldLabel="Open Link in"
                                    name="./windowSelection">
                                    <items jcr:primaryType="nt:unstructured">
                                        <samewindow
                                            jcr:primaryType="nt:unstructured"
                                            text="Same Window"
                                            value="_self"/>
                                        <newwindow
                                            jcr:primaryType="nt:unstructured"
                                            text="New Window"
                                            value="_blank"/>
                                    </items>
                                </windowoption>
                            </items>
                        </tagattributes>
                        <themeoptions
                            jcr:primaryType="nt:unstructured"
                            jcr:title="Theme Options"
                            sling:resourceType="granite/ui/components/foundation/form/fieldset">
                            <items jcr:primaryType="nt:unstructured">
                                <buttonsize
                                    jcr:primaryType="nt:unstructured"
                                    sling:resourceType="granite/ui/components/foundation/form/select"
                                    fieldLabel="Size"
                                    name="./buttonsize">
                                    <items jcr:primaryType="nt:unstructured">
                                        <default
                                            jcr:primaryType="nt:unstructured"
                                            text="Default"
                                            value=""/>
                                        <small
                                            jcr:primaryType="nt:unstructured"
                                            text="Small"
                                            value="button--sm"/>
                                    </items>
                                </buttonsize>
                                <buttonstyle
                                    jcr:primaryType="nt:unstructured"
                                    sling:resourceType="granite/ui/components/foundation/form/select"
                                    fieldLabel="Style"
                                    name="./buttonstyle">
                                    <items jcr:primaryType="nt:unstructured">
                                        <default
                                            jcr:primaryType="nt:unstructured"
                                            text="Default"
                                            value=""/>
                                        <buttonsecondary
                                            jcr:primaryType="nt:unstructured"
                                            text="Button Secondary (outlined)"
                                            value="button--secondary"/>
                                        <buttonlink
                                            jcr:primaryType="nt:unstructured"
                                            text="Text Link"
                                            value="button--link"/>
                                    </items>
                                </buttonstyle>
                                <buttontheme
                                    jcr:primaryType="nt:unstructured"
                                    sling:resourceType="granite/ui/components/foundation/form/select"
                                    fieldDescription="Select the theme"
                                    fieldLabel="Theme"
                                    name="./buttontheme">
                                    <items jcr:primaryType="nt:unstructured">
                                        <none
                                            jcr:primaryType="nt:unstructured"
                                            text="Default"
                                            value=""/>
                                        <onyellow
                                            jcr:primaryType="nt:unstructured"
                                            text="Button on yellow background"
                                            value="button--on-yellow"/>
                                        <ongray
                                            jcr:primaryType="nt:unstructured"
                                            text="Button on gray background"
                                            value="button--on-gray"/>
                                        <onblue
                                            jcr:primaryType="nt:unstructured"
                                            text="Button on blue background"
                                            value="button--on-blue"/>
                                        <onpurple
                                            jcr:primaryType="nt:unstructured"
                                            text="Button on purple background"
                                            value="button--on-purple"/>
                                        <onred
                                            jcr:primaryType="nt:unstructured"
                                            text="Button on red background"
                                            value="button--on-red"/>
                                        <white
                                            jcr:primaryType="nt:unstructured"
                                            text="White Button"
                                            value="button--white"/>
                                    </items>
                                </buttontheme>
                                <buttonweight
                                    jcr:primaryType="nt:unstructured"
                                    sling:resourceType="granite/ui/components/foundation/form/select"
                                    fieldLabel="Font Weight"
                                    name="./buttonweight">
                                    <items jcr:primaryType="nt:unstructured">
                                        <default
                                            jcr:primaryType="nt:unstructured"
                                            text="Normal (Sprint Sans Web)"
                                            value=""/>
                                        <buttonthick
                                            jcr:primaryType="nt:unstructured"
                                            text="Medium (Sprint Sans Web Medium)"
                                            value="font-medium"/>
                                    </items>
                                </buttonweight>
                                <buttonwidth
                                    jcr:primaryType="nt:unstructured"
                                    sling:resourceType="granite/ui/components/foundation/form/select"
                                    fieldLabel="Button Width"
                                    name="./buttonwidth">
                                    <items jcr:primaryType="nt:unstructured">
                                        <default
                                            jcr:primaryType="nt:unstructured"
                                            text="Default"
                                            value=""/>
                                        <smwidth
                                            jcr:primaryType="nt:unstructured"
                                            text="Small (175px)"
                                            value="button--minwidth-sm"/>
                                        <mdwidth
                                            jcr:primaryType="nt:unstructured"
                                            text="Medium (225px)"
                                            value="button--minwidth-md"/>
                                        <lgwidth
                                            jcr:primaryType="nt:unstructured"
                                            text="Large (275px)"
                                            value="button--minwidth-lg"/>
                                        <fullwidth
                                            jcr:primaryType="nt:unstructured"
                                            text="100%"
                                            value="button--full"/>
                                        <fullwidthmobile
                                            jcr:primaryType="nt:unstructured"
                                            text="100% on mobile only"
                                            value="button--full-on-mobile"/>
                                    </items>
                                </buttonwidth>
                            </items>
                        </themeoptions>
                    </items>
                </columns>
            </items>
        </tab2>
    </items>
</content>
</jcr:root>
