<?xml version="1.0" encoding="UTF-8"?>
<jcr:root xmlns:sling="http://sling.apache.org/jcr/sling/1.0" xmlns:cq="http://www.day.com/jcr/cq/1.0" xmlns:jcr="http://www.jcp.org/jcr/1.0" xmlns:nt="http://www.jcp.org/jcr/nt/1.0"
    jcr:primaryType="nt:unstructured"
    jcr:title="Footer Social Icon"
    sling:resourceType="cq/gui/components/authoring/dialog">
    <content
        jcr:primaryType="nt:unstructured"
        sling:resourceType="granite/ui/components/foundation/container">
        <layout
            jcr:primaryType="nt:unstructured"
            sling:resourceType="granite/ui/components/foundation/layouts/tabs"
            type="nav"/>
        <items jcr:primaryType="nt:unstructured">
            <tab1
                jcr:primaryType="nt:unstructured"
                jcr:title="Social Icon"
                sling:resourceType="granite/ui/components/foundation/container">
                <layout
                    jcr:primaryType="nt:unstructured"
                    sling:resourceType="granite/ui/components/foundation/layouts/fixedcolumns"/>
                <items jcr:primaryType="nt:unstructured">
                    <columns
                            jcr:primaryType="nt:unstructured"
                            sling:resourceType="granite/ui/components/foundation/container">
                        <items jcr:primaryType="nt:unstructured">
                            <socialicontitle
                                jcr:primaryType="nt:unstructured"
                                sling:resourceType="granite/ui/components/foundation/form/textfield"
                                fieldLabel="Title"
                                name="./socialicontitle"
                                required="{Boolean}true"/>
                            <socialiconhovertext
                                jcr:primaryType="nt:unstructured"
                                sling:resourceType="granite/ui/components/foundation/form/textfield"
                                fieldLabel="Hover Text"
                                name="./socialiconhovertext"
                                required="{Boolean}true"/>
                            <iconname
                                jcr:primaryType="nt:unstructured"
                                sling:resourceType="granite/ui/components/foundation/form/select"
                                defaultvalue="facebook"
                                fieldLabel="Icon Name"
                                name="./iconname">
                                <items jcr:primaryType="nt:unstructured">
                                    <facebook
                                        jcr:primaryType="nt:unstructured"
                                        text="Facebook"
                                        value="facebook"/>
                                    <twitter
                                        jcr:primaryType="nt:unstructured"
                                        text="Twitter"
                                        value="twitter"/>
                                    <instagram
                                        jcr:primaryType="nt:unstructured"
                                        text="Instagram"
                                        value="instagram"/>
                                    <youtube
                                        jcr:primaryType="nt:unstructured"
                                        text="YouTube"
                                        value="youtube"/>
                                    <snapchat
                                        jcr:primaryType="nt:unstructured"
                                        text="Snapchat"
                                        value="snapchat"/>
                                </items>
                            </iconname>
                            <socialicondestination
                                jcr:primaryType="nt:unstructured"
                                sling:resourceType="granite/ui/components/foundation/form/pathbrowser"
                                fieldLabel="Destination URL"
                                name="./socialicondestination"
                                value="#"/>
                            <openinnewtab
                                jcr:primaryType="nt:unstructured"
                                sling:resourceType="granite/ui/components/foundation/form/checkbox"
                                fieldLabel="Open in New Window"
                                name="./openinnewwindow"
                                text="Open in New Window"
                                value="true"/>
                            <showforloggedin
                                jcr:primaryType="nt:unstructured"
                                sling:resourceType="granite/ui/components/foundation/form/checkbox"
                                fieldLabel="Show the Menu for Logged in User"
                                name="./loggedinuser"
                                text="Show the Menu for Logged in User"
                                value="true"/>
                            <showforunauthenticated
                                jcr:primaryType="nt:unstructured"
                                sling:resourceType="granite/ui/components/foundation/form/checkbox"
                                fieldLabel="Show the Menu for Unauthenticated User"
                                name="./unauthenticateduser"
                                text="Show the Menu for Unauthenticated User"
                                value="true"/>
                        </items>
                    </columns>
                </items>
            </tab1>
        </items>
    </content>
</jcr:root>