<?xml version="1.0" encoding="UTF-8"?>
<jcr:root xmlns:sling="http://sling.apache.org/jcr/sling/1.0" xmlns:cq="http://www.day.com/jcr/cq/1.0" xmlns:jcr="http://www.jcp.org/jcr/1.0" xmlns:nt="http://www.jcp.org/jcr/nt/1.0"
          jcr:primaryType="nt:unstructured"
          jcr:title="Auto Detect ESN"
          sling:resourceType="cq/gui/components/authoring/dialog">
    <content
            jcr:primaryType="nt:unstructured"
            sling:resourceType="granite/ui/components/foundation/container">
        <layout
                jcr:primaryType="nt:unstructured"
                sling:resourceType="granite/ui/components/foundation/layouts/tabs"
                type="nav"/>
        <items jcr:primaryType="nt:unstructured">
            <autodetectesn
                    jcr:primaryType="nt:unstructured"
                    jcr:title="Auto Detect ESN"
                    sling:resourceType="granite/ui/components/foundation/section">
                <layout
                        jcr:primaryType="nt:unstructured"
                        sling:resourceType="granite/ui/components/foundation/layouts/fixedcolumns"
                        margin="{Boolean}false"/>
                <items jcr:primaryType="nt:unstructured">
                    <column
                            jcr:primaryType="nt:unstructured"
                            sling:resourceType="granite/ui/components/foundation/container">
                        <items jcr:primaryType="nt:unstructured">
                            <headline
                                    jcr:primaryType="nt:unstructured"
                                    sling:resourceType="granite/ui/components/foundation/form/textfield"
                                    fieldLabel="Headline"
                                    name="./headline"/>
                            <existingbrand
                                    jcr:primaryType="nt:unstructured"
                                    sling:resourceType="granite/ui/components/foundation/form/textfield"
                                    fieldLabel="Existingbrand"
                                    name="./existingbrand"/>
                            <existingmodel
                                    jcr:primaryType="nt:unstructured"
                                    sling:resourceType="granite/ui/components/foundation/form/textfield"
                                    fieldLabel="existingmodel"
                                    name="./existingmodel"/>
                            <existingesn
                                    jcr:primaryType="nt:unstructured"
                                    sling:resourceType="granite/ui/components/foundation/form/textfield"
                                    fieldLabel="Existingesn"
                                    name="./existingesn"/>
                            <existingbrandname
                                    jcr:primaryType="nt:unstructured"
                                    sling:resourceType="granite/ui/components/foundation/form/textfield"
                                    fieldLabel="Existingbrandname"
                                    name="./existingbrandname"/>
                            <existingmodelname
                                    jcr:primaryType="nt:unstructured"
                                    sling:resourceType="granite/ui/components/foundation/form/textfield"
                                    fieldLabel="Existingmodelname"
                                    name="./existingmodelname"/>
                            <existingesnname
                                    jcr:primaryType="nt:unstructured"
                                    sling:resourceType="granite/ui/components/foundation/form/textfield"
                                    fieldLabel="Existingesnname"
                                    name="./existingesnname"/>
                            <tradingoptionone
                                    jcr:primaryType="nt:unstructured"
                                    sling:resourceType="granite/ui/components/foundation/form/textfield"
                                    fieldLabel="Tradingoptionone"
                                    name="./tradingoptionone"/>
                            <tradingoptiontwo
                                    jcr:primaryType="nt:unstructured"
                                    sling:resourceType="granite/ui/components/foundation/form/textfield"
                                    fieldLabel="Tradingoptiontwo"
                                    name="./tradingoptiontwo"/>
                            <buttontext
                                    jcr:primaryType="nt:unstructured"
                                    sling:resourceType="granite/ui/components/foundation/form/textfield"
                                    fieldLabel="Button Text"
                                    name="./buttontext"/>
                            <continuebuttontext
                                    jcr:primaryType="nt:unstructured"
                                    sling:resourceType="granite/ui/components/foundation/form/textfield"
                                    fieldLabel="Continuebuttontext"
                                    name="./continuebuttontext"/>
                            <cancelbuttontext
                                    jcr:primaryType="nt:unstructured"
                                    sling:resourceType="granite/ui/components/foundation/form/textfield"
                                    fieldLabel="cancelbuttontext"
                                    name="./cancelbuttontext"/>
                        </items>
                    </column>
                </items>
            </autodetectesn>
        </items>
    </content>
</jcr:root>
