<?xml version="1.0" encoding="UTF-8"?>
<jcr:root xmlns:cq="http://www.day.com/jcr/cq/1.0" xmlns:jcr="http://www.jcp.org/jcr/1.0"
          jcr:primaryType="cq:Dialog"
          height="600"
          modal="{Boolean}true"
          title="Dropdown Option Initiate"
          width="800"
          xtype="dialog">
  <items
    jcr:primaryType="cq:Widget"
    xtype="tabpanel">
    <items jcr:primaryType="cq:WidgetCollection">
      <dropdownoptions
        jcr:primaryType="cq:Panel"
        title="Option Properties">
        <items jcr:primaryType="cq:WidgetCollection">
          <target
            jcr:primaryType="cq:Widget"
            fieldLabel="Option"
            name="./aOption"
            type="select"
            xtype="selection">
            <options jcr:primaryType="cq:WidgetCollection">
              <om
                jcr:primaryType="cq:Widget"
                text="Order Management"
                value="om"/>
              <care
                jcr:primaryType="cq:Widget"
                text="Care"
                value="care"/>
              <upgrade-eligibility
                jcr:primaryType="cq:Widget"
                text="Upgrade Eligibility"
                value="upgrade-eligibility"/>
              <checkout
                jcr:primaryType="cq:Widget"
                text="Checkout"
                value="checkout"/>
              <shop
                jcr:primaryType="cq:Widget"
                text="Shop"
                value="shop"/>
              <support
                jcr:primaryType="cq:Widget"
                text="Support"
                value="support"/>
              <cart
                jcr:primaryType="cq:Widget"
                text="Cart"
                value="cart"/>
              <bizil
                jcr:primaryType="cq:Widget"
                text="Bizil"
                value="bizil"/>
              <payment
                jcr:primaryType="cq:Widget"
                text="Payment"
                value="payment"/>
            </options>
          </target>
        </items>
      </dropdownoptions>
    </items>
  </items>
</jcr:root>
