<?xml version="1.0" encoding="UTF-8"?>
<jcr:root xmlns:sling="http://sling.apache.org/jcr/sling/1.0" xmlns:cq="http://www.day.com/jcr/cq/1.0" xmlns:jcr="http://www.jcp.org/jcr/1.0" xmlns:nt="http://www.jcp.org/jcr/nt/1.0"
          jcr:primaryType="nt:unstructured"
          jcr:title="Device Pricing"
          sling:resourceType="cq/gui/components/authoring/dialog">
    <content
            jcr:primaryType="nt:unstructured"
            sling:resourceType="granite/ui/components/foundation/container">
        <layout
                jcr:primaryType="nt:unstructured"
                sling:resourceType="granite/ui/components/foundation/layouts/tabs"
                type="nav"/>
        <items jcr:primaryType="nt:unstructured">
            <titletooltip
                    jcr:primaryType="nt:unstructured"
                    jcr:title="Device Pricing configuration"
                    sling:resourceType="granite/ui/components/foundation/section">
                <layout
                        jcr:primaryType="nt:unstructured"
                        sling:resourceType="granite/ui/components/foundation/layouts/fixedcolumns"
                        margin="{Boolean}false"/>
                <items jcr:primaryType="nt:unstructured">
                    <column
                            jcr:primaryType="nt:unstructured"
                            sling:resourceType="granite/ui/components/foundation/container">
                        <items jcr:primaryType="nt:unstructured">
                            <titletooltip
                                    jcr:primaryType="nt:unstructured"
                                    sling:resourceType="granite/ui/components/foundation/form/textfield"
                                    fieldLabel="Tooltip"
                                    name="./tooltiptitle"/>
                            <size
                                    jcr:primaryType="nt:unstructured"
                                    sling:resourceType="granite/ui/components/foundation/form/dropdown"
                                    defaultValue="tooltip--small"
                                    fieldLabel="Tooltip size"
                                    name="./tooltipsize"
                                    value="tooltip--small">
                                <items jcr:primaryType="nt:unstructured">
                                    <small
                                            jcr:primaryType="nt:unstructured"
                                            text="Small"
                                            value="tooltip--small"/>
                                    <medium
                                            jcr:primaryType="nt:unstructured"
                                            text="Medium"
                                            value="tooltip--medium"/>
                                    <large
                                            jcr:primaryType="nt:unstructured"
                                            text="Large"
                                            value="tooltip--large"/>
                                    <xlarge
                                            jcr:primaryType="nt:unstructured"
                                            text="XLarge"
                                            value="tooltip--xlarge"/>
                                    <fit
                                            jcr:primaryType="nt:unstructured"
                                            text="Fit"
                                            value="tooltip--fit"/>
                                </items>
                            </size>
                            <position
                                    jcr:primaryType="nt:unstructured"
                                    sling:resourceType="granite/ui/components/foundation/form/dropdown"
                                    defaultValue="tooltip--left"
                                    fieldLabel="Tooltip position"
                                    name="./tooltipposition"
                                    value="tooltip--left">
                                <items jcr:primaryType="nt:unstructured">
                                    <small
                                            jcr:primaryType="nt:unstructured"
                                            text="Left"
                                            value="tooltip--left"/>
                                    <medium
                                            jcr:primaryType="nt:unstructured"
                                            text="Bottom"
                                            value="tooltip--bottom"/>
                                    <large
                                            jcr:primaryType="nt:unstructured"
                                            text="Right"
                                            value="tooltip--right"/>
                                </items>
                            </position>
                        </items>
                    </column>
                </items>
            </titletooltip>
        </items>
    </content>
</jcr:root>
