<?xml version="1.0" encoding="UTF-8"?>
<jcr:root xmlns:sling="http://sling.apache.org/jcr/sling/1.0" xmlns:cq="http://www.day.com/jcr/cq/1.0" xmlns:jcr="http://www.jcp.org/jcr/1.0" xmlns:nt="http://www.jcp.org/jcr/nt/1.0"
          jcr:primaryType="nt:unstructured"
          jcr:title="Device Detail"
          sling:resourceType="cq/gui/components/authoring/dialog">
    <content
            jcr:primaryType="nt:unstructured"
            sling:resourceType="granite/ui/components/foundation/container">
        <layout
                jcr:primaryType="nt:unstructured"
                sling:resourceType="granite/ui/components/foundation/layouts/tabs"
                type="nav"/>
        <items jcr:primaryType="nt:unstructured">
            <devicetitle
                    jcr:primaryType="nt:unstructured"
                    jcr:title="Device Title"
                    sling:resourceType="granite/ui/components/foundation/section">
                <layout
                        jcr:primaryType="nt:unstructured"
                        sling:resourceType="granite/ui/components/foundation/layouts/fixedcolumns"
                        margin="{Boolean}false"/>
                <items jcr:primaryType="nt:unstructured">
                    <column
                            jcr:primaryType="nt:unstructured"
                            sling:resourceType="granite/ui/components/foundation/container">
                        <items jcr:primaryType="nt:unstructured">
                          <amountoftermstoshowonload
                            jcr:primaryType="nt:unstructured"
                            sling:resourceType="granite/ui/components/foundation/form/textfield"
                            fieldLabel="Amount of payment terms to show on load"
                            defaultValue="3"
                            name="./amountoftermstoshowonload"/>
                          <devicetitle
                                    jcr:primaryType="nt:unstructured"
                                    sling:resourceType="granite/ui/components/foundation/form/textfield"
                                    fieldLabel="Override default"
                                    fieldDescription="Override the default device title"
                                    name="./devicetitle"/>
                            <shippingurltext
                                    jcr:primaryType="nt:unstructured"
                                    sling:resourceType="granite/ui/components/foundation/form/textfield"
                                    fieldLabel="Shipping URL text"
                                    name="./shippingurltext"/>
                            <shippingurl
                                    jcr:primaryType="nt:unstructured"
                                    sling:resourceType="granite/ui/components/foundation/form/pathbrowser"
                                    fieldLabel="Shipping URL"
                                    name="./shippingurl"
                                    required="{Boolean}true"/>
                        </items>
                    </column>
                </items>
            </devicetitle>
            <instoreoptionsmodaltab
                    jcr:primaryType="nt:unstructured"
                    jcr:title="Fields For In Store Options Modal"
                    sling:resourceType="granite/ui/components/foundation/container">
                <layout
                        jcr:primaryType="nt:unstructured"
                        sling:resourceType="granite/ui/components/foundation/layouts/fixedcolumns"/>
                <items jcr:primaryType="nt:unstructured">
                    <columns
                            jcr:primaryType="nt:unstructured"
                            sling:resourceType="granite/ui/components/foundation/container">
                        <items jcr:primaryType="nt:unstructured">
                            <InStoremodallink
                                    jcr:primaryType="nt:unstructured"
                                    sling:resourceType="granite/ui/components/foundation/form/textfield"
                                    fieldLabel="In Store Modal Link"
                                    name="./InStoremodallink"/>
                            <InStoremodalContent
                                    jcr:primaryType="nt:unstructured"
                                    sling:resourceType="cq/gui/components/authoring/dialog/richtext"
                                    fieldLabel="In Store Modal Content"
                                    name="./InStoremodalContent"/>
                        </items>
                    </columns>
                </items>
            </instoreoptionsmodaltab>
        </items>
    </content>
</jcr:root>
