<?xml version="1.0" encoding="UTF-8"?>
<jcr:root xmlns:sling="http://sling.apache.org/jcr/sling/1.0" xmlns:cq="http://www.day.com/jcr/cq/1.0"
          xmlns:jcr="http://www.jcp.org/jcr/1.0" xmlns:nt="http://www.jcp.org/jcr/nt/1.0"
          jcr:primaryType="nt:unstructured"
          jcr:title="Form Builder Component"
          sling:resourceType="cq/gui/components/authoring/dialog"
          helpPath="en/cq/current/wcm/default_components.html#Image">
  <content
    jcr:primaryType="nt:unstructured"
    sling:resourceType="granite/ui/components/foundation/container">
    <layout
      jcr:primaryType="nt:unstructured"
      sling:resourceType="granite/ui/components/foundation/layouts/tabs"
      type="nav"/>
    <items jcr:primaryType="nt:unstructured">
      <tab1
        jcr:primaryType="nt:unstructured"
        jcr:title="Layout"
        sling:resourceType="granite/ui/components/foundation/container">
        <layout
          jcr:primaryType="nt:unstructured"
          sling:resourceType="granite/ui/components/foundation/layouts/fixedcolumns"/>
        <items jcr:primaryType="nt:unstructured">
          <columns
            jcr:primaryType="nt:unstructured"
            sling:resourceType="granite/ui/components/foundation/container">
            <items jcr:primaryType="nt:unstructured">
              <formRows
                jcr:primaryType="nt:unstructured"
                sling:resourceType="granite/ui/components/foundation/form/multifield"
                class="full-width"
                fieldDescription="Add form rows and select the column layout for each."
                fieldLabel="Form Rows">
                <field
                  jcr:primaryType="nt:unstructured"
                  sling:resourceType="granite/ui/components/foundation/form/fieldset"
                  acs-commons-nested="JSON_STORE"
                  name="./formRows">
                  <layout
                    jcr:primaryType="nt:unstructured"
                    sling:resourceType="granite/ui/components/foundation/layouts/fixedcolumns"
                    method="absolute"/>
                  <items jcr:primaryType="nt:unstructured">
                    <column
                      jcr:primaryType="nt:unstructured"
                      sling:resourceType="granite/ui/components/foundation/container">
                      <items jcr:primaryType="nt:unstructured">
                        <formBuilder
                          jcr:primaryType="nt:unstructured"
                          sling:resourceType="granite/ui/components/foundation/form/dropdown"
                          fieldLabel="Form Builder Row"
                          fieldDescription="Select the number of columns and the layout from the dropdown. Column Layouts are described in percentage from left to right."
                          name="./formBuilder">
                          <items jcr:primaryType="nt:unstructured">
                            <single
                              jcr:primaryType="nt:unstructured"
                              text="100%"
                              defaultValue="false"
                              name="./single"
                              value="single"/>
                            <double
                              jcr:primaryType="nt:unstructured"
                              text="50% - 50%"
                              defaultValue="true"
                              name="./double"
                              value="double"/>
                            <triple
                              jcr:primaryType="nt:unstructured"
                              text="33% - 33% - 33%"
                              defaultValue="true"
                              name="./triple"
                              value="triple"/>
                            <double-20-4
                              jcr:primaryType="nt:unstructured"
                              text="85% - 15%"
                              defaultValue="true"
                              name="./double-20-4"
                              value="double-20-4"/>
                            <triple-5-5-14
                              jcr:primaryType="nt:unstructured"
                              text="20% - 20% - 60%"
                              defaultValue="true"
                              name="./triple-5-5-14"
                              value="triple-5-5-14"/>
                          </items>
                        </formBuilder>
                      </items>
                    </column>
                  </items>
                </field>
              </formRows>
            </items>
          </columns>
        </items>
      </tab1>
      <tab2
        jcr:primaryType="nt:unstructured"
        jcr:title="Settings"
        sling:resourceType="granite/ui/components/foundation/container">
        <layout
          jcr:primaryType="nt:unstructured"
          sling:resourceType="granite/ui/components/foundation/layouts/fixedcolumns"/>
        <items jcr:primaryType="nt:unstructured">
          <columns
            jcr:primaryType="nt:unstructured"
            sling:resourceType="granite/ui/components/foundation/container">
            <items jcr:primaryType="nt:unstructured">

              <formID
                jcr:primaryType="nt:unstructured"
                sling:resourceType="granite/ui/components/foundation/form/textfield"
                fieldLabel="Unique Form Name (no spaces)"
                class="foundation-layout-util-maximized-alt long-label"
                name="./formID"/>
              <formAction
                jcr:primaryType="nt:unstructured"
                sling:resourceType="granite/ui/components/foundation/form/textfield"
                fieldLabel="Action URL"
                fieldDescription="If redirects are not turned on, this will be the URL that the form will POST to."
                class="foundation-layout-util-maximized-alt long-label"
                name="./formAction"/>

              <advancedLabel
                jcr:primaryType="nt:unstructured"
                jcr:title="Advanced Options"
                sling:resourceType="granite/ui/components/foundation/form/fieldset"/>
              <submitButtonEnabled
                jcr:primaryType="nt:unstructured"
                sling:resourceType="granite/ui/components/foundation/form/checkbox"
                fieldDescription="If enabled, this will render a submit button that can be configured."
                name="./formSubmitButtonEnabled"
                text="Enable Submit Button"
                value="{Boolean}true"/>

              <redirectsLabel
                jcr:primaryType="nt:unstructured"
                jcr:title="Redirect Options"
                sling:resourceType="granite/ui/components/foundation/form/fieldset"/>
              <redirectsEnabled
                jcr:primaryType="nt:unstructured"
                sling:resourceType="granite/ui/components/foundation/form/select"
                class="cq-dialog-dropdown-showhide"
                cq-dialog-dropdown-showhide-target=".form-redirects-enabled"
                fieldLabel="Enable Redirects"
                description="Enable both success and error redirects. To disable one redirect, make its value #."
                name="./formRedirectsEnabled">
                <items jcr:primaryType="nt:unstructured">
                  <enable
                    jcr:primaryType="nt:unstructured"
                    text="Enabled"
                    value="enable"/>
                  <disable
                    jcr:primaryType="nt:unstructured"
                    text="Disabled"
                    value="disable"/>
                </items>
              </redirectsEnabled>
              <redirectsUrls
                jcr:primaryType="nt:unstructured"
                sling:resourceType="granite/ui/components/foundation/container"
                class="hide form-redirects-enabled"
                showhidetargetvalue="enable">
                <items jcr:primaryType="nt:unstructured">
                  <formSuccessRedirect
                    jcr:primaryType="nt:unstructured"
                    sling:resourceType="granite/ui/components/foundation/form/pathbrowser"
                    fieldLabel="Success Redirect URL:"
                    fieldDescription="This URL is used for when the form submission is successful. If no redirect wanted, place a # for the value."
                    name="./formSuccessRedirect"
                    rootPath="/content/sprint/sprint_com/"
                    required="{Boolean}true"/>
                  <formErrorRedirect
                    jcr:primaryType="nt:unstructured"
                    sling:resourceType="granite/ui/components/foundation/form/pathbrowser"
                    fieldLabel="Fail Redirect URL:"
                    fieldDescription="This URL is used for when errors are encountered during the form submission. If no redirect wanted, place a # for the value. This will trigger the default global error message."
                    name="./formErrorRedirect"
                    rootPath="/content/sprint/sprint_com/"
                    required="{Boolean}true"/>
                </items>
              </redirectsUrls>
            </items>
          </columns>
        </items>
      </tab2>
    </items>
  </content>
</jcr:root>
