<?xml version="1.0" encoding="UTF-8"?>
<jcr:root xmlns:sling="http://sling.apache.org/jcr/sling/1.0" xmlns:cq="http://www.day.com/jcr/cq/1.0"
          xmlns:jcr="http://www.jcp.org/jcr/1.0" xmlns:nt="http://www.jcp.org/jcr/nt/1.0"
          jcr:primaryType="nt:unstructured"
          jcr:title="Header Search"
          sling:resourceType="cq/gui/components/authoring/dialog"
          helpPath="en/cq/current/wcm/default_components.html#Image">
  <content jcr:primaryType="nt:unstructured" sling:resourceType="granite/ui/components/foundation/container">
    <layout jcr:primaryType="nt:unstructured" sling:resourceType="granite/ui/components/foundation/layouts/tabs" type="nav"/>
    <items jcr:primaryType="nt:unstructured">
      <tab1 jcr:primaryType="nt:unstructured" jcr:title="Options" sling:resourceType="granite/ui/components/foundation/container">
        <layout jcr:primaryType="nt:unstructured" sling:resourceType="granite/ui/components/foundation/layouts/fixedcolumns"/>
        <items jcr:primaryType="nt:unstructured">
          <columns jcr:primaryType="nt:unstructured" sling:resourceType="granite/ui/components/foundation/container">
            <items jcr:primaryType="nt:unstructured">
              <searchPagePath
                jcr:primaryType="nt:unstructured"
                sling:resourceType="granite/ui/components/foundation/form/pathbrowser"
                fieldLabel="Search Page Path"
                name="./searchPagePath"
                rootPath="/content/sprint/sprint_com"/>
            </items>
          </columns>
        </items>
      </tab1>
    </items>
  </content>
</jcr:root>
