<?xml version="1.0" encoding="UTF-8"?>
<jcr:root xmlns:sling="http://sling.apache.org/jcr/sling/1.0" xmlns:cq="http://www.day.com/jcr/cq/1.0" xmlns:jcr="http://www.jcp.org/jcr/1.0" xmlns:nt="http://www.jcp.org/jcr/nt/1.0"
          jcr:primaryType="nt:unstructured"
          jcr:title="Error Banner"
          sling:resourceType="cq/gui/components/authoring/dialog">
<content
        jcr:primaryType="nt:unstructured"
        sling:resourceType="granite/ui/components/foundation/container">
    <layout
            jcr:primaryType="nt:unstructured"
            sling:resourceType="granite/ui/components/foundation/layouts/tabs"
            type="nav"/>
    <items jcr:primaryType="nt:unstructured">
        <tab1
                jcr:primaryType="nt:unstructured"
                jcr:title="Content"
                sling:resourceType="granite/ui/components/foundation/container">
            <layout
                    jcr:primaryType="nt:unstructured"
                    sling:resourceType="granite/ui/components/foundation/layouts/fixedcolumns"/>
            <items jcr:primaryType="nt:unstructured">
                <columns
                        jcr:primaryType="nt:unstructured"
                        sling:resourceType="granite/ui/components/foundation/container">
                    <items jcr:primaryType="nt:unstructured">
                        <bannertype
                                jcr:primaryType="nt:unstructured"
                                sling:resourceType="granite/ui/components/foundation/form/select"
                                defaultvalue="404"
                                fieldLabel="Banner Type"
                                name="./bannertype">
                            <items jcr:primaryType="nt:unstructured">
                                <error-404
                                        jcr:primaryType="nt:unstructured"
                                        text="404 Error"
                                        value="404"/>
                                <error-unavailable
                                        jcr:primaryType="nt:unstructured"
                                        text="Unavailable Error"
                                        value="unavailable"/>
                                <error-credit
                                        jcr:primaryType="nt:unstructured"
                                        text="Credit Error"
                                        value="credit"/>
                                <generic
                                  jcr:primaryType="nt:unstructured"
                                  text="Generic Error"
                                  value="generic"/>
                            </items>
                        </bannertype>
                        <bannerheading
                                jcr:primaryType="nt:unstructured"
                                sling:resourceType="granite/ui/components/foundation/form/textfield"
                                fieldLabel="Banner Heading"
                                name="./bannerheading"/>
                        <bannersubheading
                                jcr:primaryType="nt:unstructured"
                                sling:resourceType="granite/ui/components/foundation/form/textfield"
                                fieldLabel="Banner Sub-heading"
                                name="./bannersubheading"/>
                        <bannermessage
                                jcr:primaryType="nt:unstructured"
                                sling:resourceType="granite/ui/components/foundation/form/textarea"
                                fieldLabel="Banner Message"
                                name="./bannermessage"/>
                    </items>
                </columns>
            </items>
        </tab1>
    </items>
</content>
</jcr:root>
