<?xml version="1.0" encoding="UTF-8"?>
<jcr:root xmlns:sling="http://sling.apache.org/jcr/sling/1.0" xmlns:cq="http://www.day.com/jcr/cq/1.0" xmlns:jcr="http://www.jcp.org/jcr/1.0" xmlns:nt="http://www.jcp.org/jcr/nt/1.0"
    jcr:primaryType="nt:unstructured"
    jcr:title="Filter and Sort Devices"
    sling:resourceType="cq/gui/components/authoring/dialog">
    <content
        jcr:primaryType="nt:unstructured"
        sling:resourceType="granite/ui/components/foundation/container">
        <layout
            jcr:primaryType="nt:unstructured"
            sling:resourceType="granite/ui/components/foundation/layouts/tabs"
            type="nav"/>
        <items jcr:primaryType="nt:unstructured">
            <tab
                jcr:primaryType="nt:unstructured"
                jcr:title="Filters"
                sling:resourceType="granite/ui/components/foundation/container">
                <layout
                    jcr:primaryType="nt:unstructured"
                    sling:resourceType="granite/ui/components/foundation/layouts/fixedcolumns"/>
                <items jcr:primaryType="nt:unstructured">
                    <columns
                        jcr:primaryType="nt:unstructured"
                        sling:resourceType="granite/ui/components/foundation/container">
                        <items jcr:primaryType="nt:unstructured">
                            <filters
                                jcr:primaryType="nt:unstructured"
                                sling:resourceType="granite/ui/components/foundation/form/multifield"
                                class="full-width"
                                fieldLabel="Phone Filters">
                                <field
                                    jcr:primaryType="nt:unstructured"
                                    sling:resourceType="granite/ui/components/foundation/form/fieldset"
                                    acs-commons-nested="JSON_STORE"
                                    name="./filters">
                                    <layout
                                        jcr:primaryType="nt:unstructured"
                                        sling:resourceType="granite/ui/components/foundation/layouts/fixedcolumns"
                                        margin="{Boolean}false"/>
                                    <items jcr:primaryType="nt:unstructured">
                                        <column
                                            jcr:primaryType="nt:unstructured"
                                            sling:resourceType="granite/ui/components/foundation/container">
                                            <items jcr:primaryType="nt:unstructured">
                                                <filtertitle
                                                    jcr:primaryType="nt:unstructured"
                                                    sling:resourceType="granite/ui/components/foundation/form/textfield"
                                                    fieldLabel="Filter Title"
                                                    name="./filterTitle"/>
                                                <filtervalue
                                                    jcr:primaryType="nt:unstructured"
                                                    sling:resourceType="granite/ui/components/foundation/form/textfield"
                                                    fieldLabel="Filter Value"
                                                    name="./filterValue"/>
                                            </items>
                                        </column>
                                    </items>
                                </field>
                            </filters>
                            <deeplinks
                                jcr:primaryType="nt:unstructured"
                                sling:resourceType="granite/ui/components/foundation/form/multifield"
                                class="full-width"
                                fieldLabel="Deep Links">
                                <field
                                    jcr:primaryType="nt:unstructured"
                                    sling:resourceType="granite/ui/components/foundation/form/fieldset"
                                    acs-commons-nested="JSON_STORE"
                                    name="./deepLinks">
                                    <layout
                                        jcr:primaryType="nt:unstructured"
                                        sling:resourceType="granite/ui/components/foundation/layouts/fixedcolumns"
                                        margin="{Boolean}false"/>
                                    <items jcr:primaryType="nt:unstructured">
                                        <column
                                            jcr:primaryType="nt:unstructured"
                                            sling:resourceType="granite/ui/components/foundation/container">
                                            <items jcr:primaryType="nt:unstructured">
                                                <deeplinktitle
                                                    jcr:primaryType="nt:unstructured"
                                                    sling:resourceType="granite/ui/components/foundation/form/textfield"
                                                    fieldLabel="Deep link Title"
                                                    name="./deeplinkTitle"/>
                                                <deeplinkvalue
                                                    jcr:primaryType="nt:unstructured"
                                                    sling:resourceType="granite/ui/components/foundation/form/pathbrowser"
                                                    rootPath="/etc/tags/sprint/phone-wall-filters"
                                                    fieldLabel="Deep Link Value"
                                                    name="./deeplinkValue"/>
                                            </items>
                                        </column>
                                    </items>
                                </field>
                            </deeplinks>
                        </items>
                    </columns>
                </items>
            </tab>
            <tab1
                jcr:primaryType="nt:unstructured"
                jcr:title="Misc"
                sling:resourceType="granite/ui/components/foundation/container">
                <layout
                    jcr:primaryType="nt:unstructured"
                    sling:resourceType="granite/ui/components/foundation/layouts/fixedcolumns"/>
                <items jcr:primaryType="nt:unstructured">
                    <columns
                        jcr:primaryType="nt:unstructured"
                        sling:resourceType="granite/ui/components/foundation/container">
                        <items jcr:primaryType="nt:unstructured">
                          <credittitle
                            jcr:primaryType="nt:unstructured"
                            sling:resourceType="granite/ui/components/foundation/form/textfield"
                            fieldLabel="Credit title"
                            name="./credittitle"/>
                          <creditdescription
                            jcr:primaryType="nt:unstructured"
                            sling:resourceType="granite/ui/components/foundation/form/textfield"
                            fieldLabel="Credit description"
                            name="./creditdescription"/>
                          <clearbtn
                                jcr:primaryType="nt:unstructured"
                                sling:resourceType="granite/ui/components/foundation/form/textfield"
                                fieldLabel="Clear button"
                                name="./clearbtn"/>
                            <apply-filters
                                jcr:primaryType="nt:unstructured"
                                sling:resourceType="granite/ui/components/foundation/form/textfield"
                                fieldLabel="Apply filters button"
                                name="./applyfilters"/>
                            <filtersbtn
                                jcr:primaryType="nt:unstructured"
                                sling:resourceType="granite/ui/components/foundation/form/textfield"
                                fieldDescription="Button text for filters dropdown on mobile."
                                fieldLabel="Filters button"
                                name="./filtersbtn"/>
                        </items>
                    </columns>
                </items>
            </tab1>
            <ta2
                jcr:primaryType="nt:unstructured"
                jcr:title="Manufacturer"
                sling:resourceType="granite/ui/components/foundation/container">
                <layout
                    jcr:primaryType="nt:unstructured"
                    sling:resourceType="granite/ui/components/foundation/layouts/fixedcolumns"/>
                <items jcr:primaryType="nt:unstructured">
                    <columns
                        jcr:primaryType="nt:unstructured"
                        sling:resourceType="granite/ui/components/foundation/container">
                        <items jcr:primaryType="nt:unstructured">
                            <manufacturer-title
                                jcr:primaryType="nt:unstructured"
                                sling:resourceType="granite/ui/components/foundation/form/textfield"
                                fieldDescription="Text for the Manufacturer filter on desktop"
                                fieldLabel="Desktop title"
                                name="./manufacturertitle"/>
                            <manufacturer-title-mobile
                                jcr:primaryType="nt:unstructured"
                                sling:resourceType="granite/ui/components/foundation/form/textfield"
                                fieldDescription="Text for the Manufacturer filter on mobile"
                                fieldLabel="Mobile title"
                                name="./manufacturertitlemobile"/>
                        </items>
                    </columns>
                </items>
            </ta2>
            <tab3
                jcr:primaryType="nt:unstructured"
                jcr:title="Credit Selector"
                sling:resourceType="granite/ui/components/foundation/container">
                <layout
                    jcr:primaryType="nt:unstructured"
                    sling:resourceType="granite/ui/components/foundation/layouts/fixedcolumns"/>
                <items jcr:primaryType="nt:unstructured">
                    <columns
                        jcr:primaryType="nt:unstructured"
                        sling:resourceType="granite/ui/components/foundation/container">
                        <items jcr:primaryType="nt:unstructured">
                            <placeholder
                                jcr:primaryType="nt:unstructured"
                                sling:resourceType="granite/ui/components/foundation/form/textfield"
                                fieldLabel="Credit Placeholder"
                                name="./creditplaceholder"/>
                        </items>
                    </columns>
                </items>
            </tab3>
            <tab4
                jcr:primaryType="nt:unstructured"
                jcr:title="Sort"
                sling:resourceType="granite/ui/components/foundation/container">
                <layout
                    jcr:primaryType="nt:unstructured"
                    sling:resourceType="granite/ui/components/foundation/layouts/fixedcolumns"/>
                <items jcr:primaryType="nt:unstructured">
                    <columns
                        jcr:primaryType="nt:unstructured"
                        sling:resourceType="granite/ui/components/foundation/container">
                        <items jcr:primaryType="nt:unstructured">
                            <title-label
                                jcr:primaryType="nt:unstructured"
                                jcr:title="Desktop"
                                sling:resourceType="granite/ui/components/foundation/form/fieldset"/>
                            <placeholder
                                jcr:primaryType="nt:unstructured"
                                sling:resourceType="granite/ui/components/foundation/form/textfield"
                                fieldLabel="Sort Placeholder"
                                name="./sortplaceholder"/>
                            <title-label-mobile
                                jcr:primaryType="nt:unstructured"
                                jcr:title="Mobile"
                                sling:resourceType="granite/ui/components/foundation/form/fieldset"/>
                            <sortbtn
                                jcr:primaryType="nt:unstructured"
                                sling:resourceType="granite/ui/components/foundation/form/textfield"
                                fieldLabel="Sort button"
                                name="./sortbtn"/>
                        </items>
                    </columns>
                </items>
            </tab4>
            <tab5
                    jcr:primaryType="nt:unstructured"
                    jcr:title="Payment Options"
                    sling:resourceType="granite/ui/components/foundation/container">
                <layout
                        jcr:primaryType="nt:unstructured"
                        sling:resourceType="granite/ui/components/foundation/layouts/fixedcolumns"/>
                <items jcr:primaryType="nt:unstructured">
                    <columns
                            jcr:primaryType="nt:unstructured"
                            sling:resourceType="granite/ui/components/foundation/container">
                        <items jcr:primaryType="nt:unstructured">
                            <payment-title
                                    jcr:primaryType="nt:unstructured"
                                    sling:resourceType="granite/ui/components/foundation/form/textfield"
                                    fieldDescription="Text for the Manufacturer filter on desktop"
                                    fieldLabel="Desktop title"
                                    name="./paymenttitle"/>
                            <payment-title-mobile
                                    jcr:primaryType="nt:unstructured"
                                    sling:resourceType="granite/ui/components/foundation/form/textfield"
                                    fieldDescription="Text for the Manufacturer filter on mobile"
                                    fieldLabel="Mobile title"
                                    name="./paymenttitlemobile"/>
                            <options
                                    jcr:primaryType="nt:unstructured"
                                    sling:resourceType="granite/ui/components/foundation/form/multifield"
                                    fieldLabel="Payment Options">
                                <field
                                        jcr:primaryType="nt:unstructured"
                                        sling:resourceType="granite/ui/components/foundation/form/fieldset"
                                        acs-commons-nested="JSON_STORE"
                                        name="./paymentOptions">
                                    <layout
                                            jcr:primaryType="nt:unstructured"
                                            sling:resourceType="granite/ui/components/foundation/layouts/fixedcolumns"
                                            method="absolute"/>
                                    <items jcr:primaryType="nt:unstructured">
                                        <column
                                                jcr:primaryType="nt:unstructured"
                                                sling:resourceType="granite/ui/components/foundation/container">
                                            <items jcr:primaryType="nt:unstructured">
                                                <contractName
                                                        jcr:primaryType="nt:unstructured"
                                                        sling:resourceType="granite/ui/components/foundation/form/textfield"
                                                        fieldDescription="Text for the payment option in the filter dropdown"
                                                        fieldLabel="Contract Name"
                                                        name="./contractName"/>
                                                <options
                                                        jcr:primaryType="nt:unstructured"
                                                        sling:resourceType="granite/ui/components/foundation/form/multifield"
                                                        fieldLabel="Contract IDs">
                                                    <field
                                                            jcr:primaryType="nt:unstructured"
                                                            sling:resourceType="granite/ui/components/foundation/form/fieldset"
                                                            acs-commons-nested="JSON_STORE"
                                                            fieldDescription="The identifiers of a payment option"
                                                            name="./contractIds">
                                                        <layout
                                                                jcr:primaryType="nt:unstructured"
                                                                sling:resourceType="granite/ui/components/foundation/layouts/fixedcolumns"
                                                                method="absolute"/>
                                                        <items jcr:primaryType="nt:unstructured">
                                                            <column
                                                                    jcr:primaryType="nt:unstructured"
                                                                    sling:resourceType="granite/ui/components/foundation/container">
                                                                <items jcr:primaryType="nt:unstructured">
                                                                    <contractId
                                                                            jcr:primaryType="nt:unstructured"
                                                                            sling:resourceType="granite/ui/components/foundation/form/textfield"
                                                                            fieldLabel="ID"
                                                                            name="./contractId"/>
                                                                </items>
                                                            </column>
                                                        </items>
                                                    </field>
                                                </options>
                                            </items>
                                        </column>
                                    </items>
                                </field>
                            </options>
                        </items>
                    </columns>
                </items>
            </tab5>
        </items>
    </content>
</jcr:root>
