<?xml version="1.0" encoding="UTF-8"?>
<jcr:root xmlns:sling="http://sling.apache.org/jcr/sling/1.0" xmlns:cq="http://www.day.com/jcr/cq/1.0" xmlns:jcr="http://www.jcp.org/jcr/1.0" xmlns:nt="http://www.jcp.org/jcr/nt/1.0"
          jcr:primaryType="nt:unstructured"
          sling:resourceType="cq/gui/components/authoring/dialog"
          helpPath="en/cq/current/wcm/default_components.html#Image">
<content
        jcr:primaryType="nt:unstructured"
        sling:resourceType="granite/ui/components/foundation/container">
    <layout
            jcr:primaryType="nt:unstructured"
            sling:resourceType="granite/ui/components/foundation/layouts/tabs"
            type="nav"/>
    <items jcr:primaryType="nt:unstructured">
        <tab1
                jcr:primaryType="nt:unstructured"
                jcr:title="Configuration for Mobile Tab"
                sling:resourceType="granite/ui/components/foundation/container">
            <layout
                    jcr:primaryType="nt:unstructured"
                    sling:resourceType="granite/ui/components/foundation/layouts/fixedcolumns"/>
            <items jcr:primaryType="nt:unstructured">
                <columns
                        jcr:primaryType="nt:unstructured"
                        sling:resourceType="granite/ui/components/foundation/container">
                    <items jcr:primaryType="nt:unstructured">
                        <display-taboverview
                                jcr:primaryType="nt:unstructured"
                                sling:resourceType="granite/ui/components/foundation/form/checkbox"
                                fieldDescription="Check this to hide Mobile tab"
                                name="./hideTabOverview"
                                text="Hide Mobile tab?"
                                value="{Boolean}true"/>
                        <tabtitleoverview
                                jcr:primaryType="nt:unstructured"
                                sling:resourceType="granite/ui/components/foundation/form/textfield"
                                fieldDescription="Override the default Mobile tab title"
                                fieldLabel="Mobile Tab Title"
                                name="./tabtitleoverview"/>
                    </items>
                </columns>
            </items>
        </tab1>
        <tab2
                jcr:primaryType="nt:unstructured"
                jcr:title="Configuration for Landline Tab"
                sling:resourceType="granite/ui/components/foundation/container">
            <layout
                    jcr:primaryType="nt:unstructured"
                    sling:resourceType="granite/ui/components/foundation/layouts/fixedcolumns"/>
            <items jcr:primaryType="nt:unstructured">
                <columns
                        jcr:primaryType="nt:unstructured"
                        sling:resourceType="granite/ui/components/foundation/container">
                    <items jcr:primaryType="nt:unstructured">
                        <display-tabspec
                                jcr:primaryType="nt:unstructured"
                                sling:resourceType="granite/ui/components/foundation/form/checkbox"
                                fieldDescription="Check this to hide Landline tab"
                                name="./hideTabSpec"
                                text="Hide Landline tab?"
                                value="{Boolean}true"/>
                        <tabtitlespec
                                jcr:primaryType="nt:unstructured"
                                sling:resourceType="granite/ui/components/foundation/form/textfield"
                                fieldDescription="Override the default Landline tab title"
                                fieldLabel="Landline Tab Title"
                                name="./tabtitlespec"/>
                    </items>
                </columns>
            </items>
        </tab2>
        <tab3
                jcr:primaryType="nt:unstructured"
                jcr:title="Configuration for Business Tab"
                sling:resourceType="granite/ui/components/foundation/container">
            <layout
                    jcr:primaryType="nt:unstructured"
                    sling:resourceType="granite/ui/components/foundation/layouts/fixedcolumns"/>
            <items jcr:primaryType="nt:unstructured">
                <columns
                        jcr:primaryType="nt:unstructured"
                        sling:resourceType="granite/ui/components/foundation/container">
                    <items jcr:primaryType="nt:unstructured">
                        <display-tabreview
                                jcr:primaryType="nt:unstructured"
                                sling:resourceType="granite/ui/components/foundation/form/checkbox"
                                fieldDescription="Check this to hide Business tab"
                                name="./hideTabReview"
                                text="Hide Business tab?"
                                value="{Boolean}true"/>
                        <tabtitlereview
                                jcr:primaryType="nt:unstructured"
                                sling:resourceType="granite/ui/components/foundation/form/textfield"
                                fieldDescription="Override the default Business tab title"
                                fieldLabel="Business Tab Title"
                                name="./tabtitlereview"/>
                    </items>
                </columns>
            </items>
        </tab3>
        <tab4
                jcr:primaryType="nt:unstructured"
                jcr:title="Configuration for International Tab"
                sling:resourceType="granite/ui/components/foundation/container">
            <layout
                    jcr:primaryType="nt:unstructured"
                    sling:resourceType="granite/ui/components/foundation/layouts/fixedcolumns"/>
            <items jcr:primaryType="nt:unstructured">
                <columns
                        jcr:primaryType="nt:unstructured"
                        sling:resourceType="granite/ui/components/foundation/container">
                    <items jcr:primaryType="nt:unstructured">
                        <display-tabreview
                                jcr:primaryType="nt:unstructured"
                                sling:resourceType="granite/ui/components/foundation/form/checkbox"
                                fieldDescription="Check this to hide International tab"
                                name="./hideTabCoverage"
                                text="Hide International tab?"
                                value="{Boolean}true"/>
                        <tabtitlereview
                                jcr:primaryType="nt:unstructured"
                                sling:resourceType="granite/ui/components/foundation/form/textfield"
                                fieldDescription="Override the default International tab title"
                                fieldLabel="International Tab Title"
                                name="./tabtitlecoverage"/>
                    </items>
                </columns>
            </items>
        </tab4>
    </items>
</content>
</jcr:root>


