<?xml version="1.0" encoding="UTF-8"?>
<jcr:root xmlns:sling="http://sling.apache.org/jcr/sling/1.0" xmlns:cq="http://www.day.com/jcr/cq/1.0" xmlns:jcr="http://www.jcp.org/jcr/1.0" xmlns:nt="http://www.jcp.org/jcr/nt/1.0"
    jcr:primaryType="nt:unstructured"
    jcr:title="Confirmation - Delivery Info"
    sling:resourceType="cq/gui/components/authoring/dialog"
    helpPath="en/cq/current/wcm/default_components.html#Text">
    <content
        jcr:primaryType="nt:unstructured"
        sling:resourceType="granite/ui/components/foundation/container">
        <layout
            jcr:primaryType="nt:unstructured"
            sling:resourceType="granite/ui/components/foundation/layouts/tabs"
            type="nav"/>
        <items jcr:primaryType="nt:unstructured">
            <tab1
                jcr:primaryType="nt:unstructured"
                jcr:title="Delivery Information"
                sling:resourceType="granite/ui/components/foundation/container">
                <layout
                    jcr:primaryType="nt:unstructured"
                    sling:resourceType="granite/ui/components/foundation/layouts/fixedcolumns"/>
                <items jcr:primaryType="nt:unstructured">
                    <columns
                        jcr:primaryType="nt:unstructured"
                        sling:resourceType="granite/ui/components/foundation/container">
                        <items jcr:primaryType="nt:unstructured">
                            <deliverySalutation
                                jcr:primaryType="nt:unstructured"
                                sling:resourceType="granite/ui/components/foundation/form/textfield"
                                fieldLabel="Delivery Salutation"
                                name="./delivery_salutation"/>
                            <arrivingEstimation
                                jcr:primaryType="nt:unstructured"
                                sling:resourceType="granite/ui/components/foundation/form/textfield"
                                fieldLabel="Arriving Estimation"
                                name="./arriving_estimation"/>
                            <arrivingDescription
                                jcr:primaryType="nt:unstructured"
                                sling:resourceType="cq/gui/components/authoring/dialog/richtext"
                                fieldLabel="Arriving Description"
                                name="./arriving_description"
                                useFixedInlineToolbar="true"
                                required="{Boolean}false"/>
                            <deliveryTime
                                jcr:primaryType="nt:unstructured"
                                sling:resourceType="granite/ui/components/foundation/form/textfield"
                                fieldLabel="Delivery Time"
                                name="./delivery_time"/>
                            <storeAppointment
                                jcr:primaryType="nt:unstructured"
                                sling:resourceType="granite/ui/components/foundation/form/textfield"
                                fieldLabel="Store Appointment"
                                name="./store_appointment"/>
                            <deliveryDetails
                                jcr:primaryType="nt:unstructured"
                                sling:resourceType="granite/ui/components/foundation/form/textfield"
                                fieldLabel="Delivery Details"
                                name="./delivery_details"/>
                            <deliveryAddress
                                jcr:primaryType="nt:unstructured"
                                sling:resourceType="granite/ui/components/foundation/form/textfield"
                                fieldLabel="Delivery Address"
                                name="./delivery_address"/>
                            <storeAddress
                                jcr:primaryType="nt:unstructured"
                                sling:resourceType="granite/ui/components/foundation/form/textfield"
                                fieldLabel="Store Address"
                                name="./store_address"/>
                            <orderStatus
                                jcr:primaryType="nt:unstructured"
                                sling:resourceType="granite/ui/components/foundation/form/textfield"
                                fieldLabel="Order Status"
                                name="./order_status"/>
                        </items>
                    </columns>
                </items>
            </tab1>
        </items>
    </content>
</jcr:root>
