<?xml version="1.0" encoding="UTF-8"?>
<jcr:root xmlns:sling="http://sling.apache.org/jcr/sling/1.0" xmlns:cq="http://www.day.com/jcr/cq/1.0" xmlns:jcr="http://www.jcp.org/jcr/1.0" xmlns:nt="http://www.jcp.org/jcr/nt/1.0"
  jcr:primaryType="nt:unstructured"
  jcr:title="CTA Links"
  sling:resourceType="cq/gui/components/authoring/dialog">
    <content
        jcr:primaryType="nt:unstructured"
        sling:resourceType="granite/ui/components/foundation/container">
        <layout
            jcr:primaryType="nt:unstructured"
            sling:resourceType="granite/ui/components/foundation/layouts/tabs"
            type="nav"/>
        <items jcr:primaryType="nt:unstructured">
            <tab1
                jcr:primaryType="nt:unstructured"
                jcr:title="Layout"
                sling:resourceType="granite/ui/components/foundation/container">
                <layout
                    jcr:primaryType="nt:unstructured"
                    sling:resourceType="granite/ui/components/foundation/layouts/fixedcolumns"/>
                <items jcr:primaryType="nt:unstructured">
                    <columns
                        jcr:primaryType="nt:unstructured"
                        sling:resourceType="granite/ui/components/foundation/container">
                        <items jcr:primaryType="nt:unstructured">
                            <alignment
                                jcr:primaryType="nt:unstructured"
                                sling:resourceType="granite/ui/components/foundation/form/dropdown"
                                fieldDescription="Select the alignment for button/link."
                                fieldLabel="Alignment"
                                name="./alignment">
                                <items jcr:primaryType="nt:unstructured">
                                    <noalign
                                        jcr:primaryType="nt:unstructured"
                                        text="Default"
                                        value=""/>
                                    <left
                                        jcr:primaryType="nt:unstructured"
                                        text="Left"
                                        value="text-left"/>
                                    <center
                                        jcr:primaryType="nt:unstructured"
                                        text="Center"
                                        value="text-center"/>
                                    <right
                                        jcr:primaryType="nt:unstructured"
                                        text="Right"
                                        value="text-right"/>
                                </items>
                            </alignment>
                            <secondarylink
                                jcr:primaryType="nt:unstructured"
                                sling:resourceType="granite/ui/components/foundation/form/checkbox"
                                fieldDescription="Check this to have a secondary link displayed next to the primary link"
                                name="./hasSecondaryLink"
                                text="Display secondary link?"
                                value="{Boolean}true"/>
                            <buttongap
                                jcr:primaryType="nt:unstructured"
                                sling:resourceType="granite/ui/components/foundation/form/dropdown"
                                fieldDescription="Select the gap between buttons."
                                fieldLabel="Button Gap"
                                name="./buttongap">
                                <items jcr:primaryType="nt:unstructured">
                                    <default
                                        jcr:primaryType="nt:unstructured"
                                        text="Default (1.5em)"
                                        value=""/>
                                    <none
                                        jcr:primaryType="nt:unstructured"
                                        text="No Gap"
                                        value="ml-0"/>
                                    <unit1
                                        jcr:primaryType="nt:unstructured"
                                        text="20px"
                                        value="ml-20"/>
                                    <unit2
                                        jcr:primaryType="nt:unstructured"
                                        text="40px"
                                        value="ml-40"/>
                                    <unit3
                                        jcr:primaryType="nt:unstructured"
                                        text="60px"
                                        value="ml-60"/>
                                </items>
                            </buttongap>
                        </items>
                    </columns>
                </items>
            </tab1>
            <tab2
                jcr:primaryType="nt:unstructured"
                jcr:title="Primary Link"
                sling:resourceType="granite/ui/components/foundation/container">
                <layout
                    jcr:primaryType="nt:unstructured"
                    sling:resourceType="granite/ui/components/foundation/layouts/fixedcolumns"/>
                <items jcr:primaryType="nt:unstructured">
                    <columns
                        jcr:primaryType="nt:unstructured"
                        sling:resourceType="granite/ui/components/foundation/container">
                        <items jcr:primaryType="nt:unstructured">
                            <tagattributes
                                jcr:primaryType="nt:unstructured"
                                jcr:title="Link Attributes"
                                sling:resourceType="granite/ui/components/foundation/form/fieldset">
                                <items jcr:primaryType="nt:unstructured">
                                    <text
                                        jcr:primaryType="nt:unstructured"
                                        sling:resourceType="granite/ui/components/foundation/form/textfield"
                                        fieldDescription="Please Provide Text"
                                        fieldLabel="Text"
                                        name="./text"
                                        required="{Boolean}true"/>
                                    <targeturl
                                        jcr:primaryType="nt:unstructured"
                                        sling:resourceType="granite/ui/components/foundation/form/pathbrowser"
                                        fieldDescription="Provide the Destination URL"
                                        fieldLabel="Destination URL"
                                        name="./urlTarget"
                                        required="{Boolean}true"/>
                                    <devicedetails
                                            jcr:primaryType="nt:unstructured"
                                            sling:resourceType="granite/ui/components/foundation/form/checkbox"
                                            fieldDescription="Is this a device details CTA?"
                                            name="./devicedetails"
                                            text="Device Details CTA"
                                            value="{Boolean}true"/>
                                    <requireauth
                                            jcr:primaryType="nt:unstructured"
                                            sling:resourceType="granite/ui/components/foundation/form/checkbox"
                                            fieldDescription="Check this to require authentication"
                                            name="./requireauth"
                                            text="Require Auth?"
                                            value="{Boolean}true"/>
                                    <windowoption
                                        jcr:primaryType="nt:unstructured"
                                        sling:resourceType="granite/ui/components/foundation/form/select"
                                        fieldDescription="Select where the Destination URL should be opened"
                                        fieldLabel="Open Link in"
                                        name="./windowSelection">
                                        <items jcr:primaryType="nt:unstructured">
                                            <samewindow
                                                jcr:primaryType="nt:unstructured"
                                                text="Same Window"
                                                value="samewindow"/>
                                            <newwindow
                                                jcr:primaryType="nt:unstructured"
                                                text="New Window"
                                                value="newwindow"/>
                                        </items>
                                    </windowoption>
                                </items>
                            </tagattributes>
                            <themeoptions
                                jcr:primaryType="nt:unstructured"
                                jcr:title="Theme Options"
                                sling:resourceType="granite/ui/components/foundation/form/fieldset">
                                <items jcr:primaryType="nt:unstructured">
                                    <buttonsize
                                        jcr:primaryType="nt:unstructured"
                                        sling:resourceType="granite/ui/components/foundation/form/select"
                                        fieldLabel="Size"
                                        name="./buttonsize">
                                        <items jcr:primaryType="nt:unstructured">
                                            <default
                                                jcr:primaryType="nt:unstructured"
                                                text="Default"
                                                value=""/>
                                            <small
                                                jcr:primaryType="nt:unstructured"
                                                text="Small"
                                                value="button--sm"/>
                                        </items>
                                    </buttonsize>
                                    <buttonstyle
                                        jcr:primaryType="nt:unstructured"
                                        sling:resourceType="granite/ui/components/foundation/form/select"
                                        fieldLabel="Style"
                                        name="./buttonstyle">
                                        <items jcr:primaryType="nt:unstructured">
                                            <default
                                                jcr:primaryType="nt:unstructured"
                                                text="Default"
                                                value=""/>
                                            <buttonsecondary
                                                jcr:primaryType="nt:unstructured"
                                                text="Button Secondary (outlined)"
                                                value="button--secondary"/>
                                            <buttonlink
                                                jcr:primaryType="nt:unstructured"
                                                text="Text Link"
                                                value="button--link"/>
                                        </items>
                                    </buttonstyle>
                                    <buttontheme
                                        jcr:primaryType="nt:unstructured"
                                        sling:resourceType="granite/ui/components/foundation/form/select"
                                        fieldDescription="Select the theme"
                                        fieldLabel="Theme"
                                        name="./buttontheme">
                                        <items jcr:primaryType="nt:unstructured">
                                            <none
                                                jcr:primaryType="nt:unstructured"
                                                text="Default"
                                                value=""/>
                                            <onyellow
                                                jcr:primaryType="nt:unstructured"
                                                text="Button on yellow background"
                                                value="button--on-yellow"/>
                                            <ongray
                                                jcr:primaryType="nt:unstructured"
                                                text="Button on gray background"
                                                value="button--on-gray"/>
                                            <onblue
                                                jcr:primaryType="nt:unstructured"
                                                text="Button on blue background"
                                                value="button--on-blue"/>
                                            <onpurple
                                                jcr:primaryType="nt:unstructured"
                                                text="Button on purple background"
                                                value="button--on-purple"/>
                                            <onred
                                                jcr:primaryType="nt:unstructured"
                                                text="Button on red background"
                                                value="button--on-red"/>
                                            <white
                                                jcr:primaryType="nt:unstructured"
                                                text="White Button"
                                                value="button--white"/>
                                        </items>
                                    </buttontheme>
                                    <buttonweight
                                        jcr:primaryType="nt:unstructured"
                                        sling:resourceType="granite/ui/components/foundation/form/select"
                                        fieldLabel="Font Weight"
                                        name="./buttonweight">
                                        <items jcr:primaryType="nt:unstructured">
                                            <default
                                                jcr:primaryType="nt:unstructured"
                                                text="Normal (Sprint Sans Web)"
                                                value=""/>
                                            <buttonthick
                                                jcr:primaryType="nt:unstructured"
                                                text="Medium (Sprint Sans Web Medium)"
                                                value="font-medium"/>
                                        </items>
                                    </buttonweight>
                                    <buttonwidth
                                        jcr:primaryType="nt:unstructured"
                                        sling:resourceType="granite/ui/components/foundation/form/select"
                                        fieldLabel="Button Width"
                                        name="./buttonwidth">
                                        <items jcr:primaryType="nt:unstructured">
                                            <default
                                                jcr:primaryType="nt:unstructured"
                                                text="Default"
                                                value=""/>
                                            <smwidth
                                                jcr:primaryType="nt:unstructured"
                                                text="Small (175px)"
                                                value="button--minwidth-sm"/>
                                            <mdwidth
                                                jcr:primaryType="nt:unstructured"
                                                text="Medium (225px)"
                                                value="button--minwidth-md"/>
                                            <lgwidth
                                                jcr:primaryType="nt:unstructured"
                                                text="Large (275px)"
                                                value="button--minwidth-lg"/>
                                            <fullwidth
                                                jcr:primaryType="nt:unstructured"
                                                text="100%"
                                                value="button--full"/>
                                            <fullwidthmobile
                                                jcr:primaryType="nt:unstructured"
                                                text="100% on mobile only"
                                                value="button--full-on-mobile"/>
                                        </items>
                                    </buttonwidth>
                                </items>
                            </themeoptions>
                        </items>
                    </columns>
                </items>
            </tab2>
            <tab3
                jcr:primaryType="nt:unstructured"
                jcr:title="Secondary Link"
                sling:resourceType="granite/ui/components/foundation/container">
                <layout
                    jcr:primaryType="nt:unstructured"
                    sling:resourceType="granite/ui/components/foundation/layouts/fixedcolumns"/>
                <items jcr:primaryType="nt:unstructured">
                    <columns
                        jcr:primaryType="nt:unstructured"
                        sling:resourceType="granite/ui/components/foundation/container">
                        <items jcr:primaryType="nt:unstructured">
                            <tagattributes
                                jcr:primaryType="nt:unstructured"
                                jcr:title="Link Attributes"
                                sling:resourceType="granite/ui/components/foundation/form/fieldset">
                                <items jcr:primaryType="nt:unstructured">
                                    <text
                                        jcr:primaryType="nt:unstructured"
                                        sling:resourceType="granite/ui/components/foundation/form/textfield"
                                        fieldDescription="Please Provide Text"
                                        fieldLabel="Text"
                                        name="./textSecondary"
                                        required="{Boolean}false"/>
                                    <targeturl
                                        jcr:primaryType="nt:unstructured"
                                        sling:resourceType="granite/ui/components/foundation/form/pathbrowser"
                                        fieldDescription="Provide the Destination URL"
                                        fieldLabel="Destination URL"
                                        name="./urlTargetSecondary"
                                        required="{Boolean}false"/>
                                    <windowoption
                                        jcr:primaryType="nt:unstructured"
                                        sling:resourceType="granite/ui/components/foundation/form/select"
                                        fieldDescription="Select where the Destination URL should be opened"
                                        fieldLabel="Open Link in"
                                        name="./windowSelectionSecondary">
                                        <items jcr:primaryType="nt:unstructured">
                                            <samewindow
                                                jcr:primaryType="nt:unstructured"
                                                text="Same Window"
                                                value="samewindow"/>
                                            <newwindow
                                                jcr:primaryType="nt:unstructured"
                                                text="New Window"
                                                value="newwindow"/>
                                        </items>
                                    </windowoption>
                                </items>
                            </tagattributes>
                            <themeoptions
                                jcr:primaryType="nt:unstructured"
                                jcr:title="Theme Options"
                                sling:resourceType="granite/ui/components/foundation/form/fieldset">
                                <items jcr:primaryType="nt:unstructured">
                                    <buttonsize
                                        jcr:primaryType="nt:unstructured"
                                        sling:resourceType="granite/ui/components/foundation/form/select"
                                        fieldLabel="Size"
                                        name="./buttonsizeSecondary">
                                        <items jcr:primaryType="nt:unstructured">
                                            <default
                                                jcr:primaryType="nt:unstructured"
                                                text="Default"
                                                value=""/>
                                            <small
                                                jcr:primaryType="nt:unstructured"
                                                text="Small"
                                                value="button--sm"/>
                                        </items>
                                    </buttonsize>
                                    <buttonstyle
                                        jcr:primaryType="nt:unstructured"
                                        sling:resourceType="granite/ui/components/foundation/form/select"
                                        fieldLabel="Style"
                                        name="./buttonstyleSecondary">
                                        <items jcr:primaryType="nt:unstructured">
                                            <default
                                                jcr:primaryType="nt:unstructured"
                                                text="Default"
                                                value=""/>
                                            <buttonsecondary
                                                jcr:primaryType="nt:unstructured"
                                                text="Button Secondary (outlined)"
                                                value="button--secondary"/>
                                            <buttonlink
                                                jcr:primaryType="nt:unstructured"
                                                text="Text Link"
                                                value="button--link"/>
                                        </items>
                                    </buttonstyle>
                                    <buttontheme
                                        jcr:primaryType="nt:unstructured"
                                        sling:resourceType="granite/ui/components/foundation/form/select"
                                        fieldDescription="Select the theme"
                                        fieldLabel="Theme"
                                        name="./buttonthemeSecondary">
                                        <items jcr:primaryType="nt:unstructured">
                                            <none
                                                jcr:primaryType="nt:unstructured"
                                                text="Default"
                                                value=""/>
                                            <onyellow
                                                jcr:primaryType="nt:unstructured"
                                                text="Button on yellow background"
                                                value="button--on-yellow"/>
                                            <ongray
                                                jcr:primaryType="nt:unstructured"
                                                text="Button on gray background"
                                                value="button--on-gray"/>
                                            <onblue
                                                jcr:primaryType="nt:unstructured"
                                                text="Button on blue background"
                                                value="button--on-blue"/>
                                            <onpurple
                                                jcr:primaryType="nt:unstructured"
                                                text="Button on purple background"
                                                value="button--on-purple"/>
                                            <onred
                                                jcr:primaryType="nt:unstructured"
                                                text="Button on red background"
                                                value="button--on-red"/>
                                            <white
                                                jcr:primaryType="nt:unstructured"
                                                text="White Button"
                                                value="button--white"/>
                                        </items>
                                    </buttontheme>
                                    <buttonweight
                                        jcr:primaryType="nt:unstructured"
                                        sling:resourceType="granite/ui/components/foundation/form/select"
                                        fieldLabel="Font Weight"
                                        name="./buttonweightSecondary">
                                        <items jcr:primaryType="nt:unstructured">
                                            <default
                                                jcr:primaryType="nt:unstructured"
                                                text="Normal (Sprint Sans Web)"
                                                value=""/>
                                            <buttonthick
                                                jcr:primaryType="nt:unstructured"
                                                text="Medium (Sprint Sans Web Medium)"
                                                value="font-medium"/>
                                        </items>
                                    </buttonweight>
                                    <buttonwidth
                                        jcr:primaryType="nt:unstructured"
                                        sling:resourceType="granite/ui/components/foundation/form/select"
                                        fieldLabel="Button Width"
                                        name="./buttonwidthSecondary">
                                        <items jcr:primaryType="nt:unstructured">
                                            <default
                                                jcr:primaryType="nt:unstructured"
                                                text="Default"
                                                value=""/>
                                            <smwidth
                                                jcr:primaryType="nt:unstructured"
                                                text="Small (175px)"
                                                value="button--minwidth-sm"/>
                                            <mdwidth
                                                jcr:primaryType="nt:unstructured"
                                                text="Medium (225px)"
                                                value="button--minwidth-md"/>
                                            <lgwidth
                                                jcr:primaryType="nt:unstructured"
                                                text="Large (275px)"
                                                value="button--minwidth-lg"/>
                                            <fullwidth
                                                jcr:primaryType="nt:unstructured"
                                                text="100%"
                                                value="button--full"/>
                                            <fullwidthmobile
                                                jcr:primaryType="nt:unstructured"
                                                text="100% on mobile only"
                                                value="button--full-on-mobile"/>
                                        </items>
                                    </buttonwidth>
                                </items>
                            </themeoptions>
                        </items>
                    </columns>
                </items>
            </tab3>
        </items>
    </content>
</jcr:root>
