<?xml version="1.0" encoding="UTF-8"?>
<jcr:root xmlns:sling="http://sling.apache.org/jcr/sling/1.0" xmlns:cq="http://www.day.com/jcr/cq/1.0"
    xmlns:jcr="http://www.jcp.org/jcr/1.0" xmlns:nt="http://www.jcp.org/jcr/nt/1.0"
    jcr:primaryType="nt:unstructured"
    jcr:title="BIZIL Finance Chat Page"
    sling:resourceType="cq/gui/components/authoring/dialog"
    helpPath="en/cq/current/wcm/default_components.html#Image">
    <content
        jcr:primaryType="nt:unstructured"
        sling:resourceType="granite/ui/components/foundation/container">
        <layout
            jcr:primaryType="nt:unstructured"
            sling:resourceType="granite/ui/components/foundation/layouts/tabs"
            type="nav"/>
        <items jcr:primaryType="nt:unstructured">

        <!--TAB 1-->
        <tab1
            jcr:primaryType="nt:unstructured"
            jcr:title="Welcome"
            sling:resourceType="granite/ui/components/foundation/container">
            <layout
                jcr:primaryType="nt:unstructured"
                sling:resourceType="granite/ui/components/foundation/layouts/fixedcolumns"/>
            <items jcr:primaryType="nt:unstructured">
                <columns
                    jcr:primaryType="nt:unstructured"
                    sling:resourceType="granite/ui/components/foundation/container">
                    <items
                        jcr:primaryType="nt:unstructured">
                        <columns
                            jcr:primaryType="nt:unstructured"
                            sling:resourceType="granite/ui/components/foundation/container">
                            <items jcr:primaryType="nt:unstructured">
                                <leftSideBar
                                    jcr:primaryType="nt:unstructured"
                                    sling:resourceType="granite/ui/components/foundation/container">
                                    <items jcr:primaryType="nt:unstructured">
                                        <heading
                                            jcr:primaryType="nt:unstructured"
                                            sling:resourceType="granite/ui/components/foundation/heading"
                                            class="coral-Heading coral-Heading--4"
                                            level="{Long}4"
                                            text="Left Side"/>
                                        <well
                                            jcr:primaryType="nt:unstructured"
                                            sling:resourceType="granite/ui/components/foundation/container">
                                            <layout
                                                jcr:primaryType="nt:unstructured"
                                                sling:resourceType="granite/ui/components/foundation/layouts/well"/>
                                            <items jcr:primaryType="nt:unstructured">
                                                <sprintBusinessLogoLink
                                                    jcr:primaryType="nt:unstructured"
                                                    sling:resourceType="granite/ui/components/foundation/form/textfield"
                                                    fieldLabel="Sprint Business Logo Link"
                                                    name="./sprintBusinessLogoURL"
                                                    required="{Boolean}true"/>
                                                <phaseWelcomeTabCopy
                                                    jcr:primaryType="nt:unstructured"
                                                    sling:resourceType="granite/ui/components/foundation/form/textfield"
                                                    fieldLabel="Header Text"
                                                    name="./phaseWelcomeTabCopy"/>
                                            </items>
                                        </well>
                                    </items>
                                </leftSideBar>
                                <viewWelcomeSelection
                                    jcr:primaryType="nt:unstructured"
                                    sling:resourceType="granite/ui/components/foundation/container"
                                    class="foundation-layout-util-vmargin">
                                    <items jcr:primaryType="nt:unstructured">
                                        <heading
                                            jcr:primaryType="nt:unstructured"
                                            sling:resourceType="granite/ui/components/foundation/heading"
                                            class="coral-Heading coral-Heading--4"
                                            level="{Long}4"
                                            text="Question and Options"/>
                                        <well
                                            jcr:primaryType="nt:unstructured"
                                            sling:resourceType="granite/ui/components/foundation/container">
                                            <layout
                                                jcr:primaryType="nt:unstructured"
                                                sling:resourceType="granite/ui/components/foundation/layouts/well"/>
                                            <items jcr:primaryType="nt:unstructured">
                                                <phaseWelcomeHeadText
                                                    jcr:primaryType="nt:unstructured"
                                                    sling:resourceType="granite/ui/components/foundation/form/textfield"
                                                    fieldLabel="Question Text"
                                                    name="./phaseWelcomeHeadText"/>
                                                <phaseWelcomeHeadTextToolTip
                                                    jcr:primaryType="nt:unstructured"
                                                    sling:resourceType="granite/ui/components/foundation/form/textfield"
                                                    fieldLabel="Tool Tip Text"
                                                    name="./phaseWelcomeHeadTextToolTip"/>
                                                <phaseOptionKey1
                                                    jcr:primaryType="nt:unstructured"
                                                    sling:resourceType="granite/ui/components/foundation/form/textfield"
                                                    fieldLabel="Option One Text"
                                                    name="./phaseWelcomeOptionKey1"/>
                                                <phaseOptionKey2
                                                    jcr:primaryType="nt:unstructured"
                                                    sling:resourceType="granite/ui/components/foundation/form/textfield"
                                                    fieldLabel="Option Two Text"
                                                    name="./phaseWelcomeOptionKey2"/>
                                            </items>
                                    </well>
                                  </items>
                                </viewWelcomeSelection>
                                <viewWelcomeCTA
                                    jcr:primaryType="nt:unstructured"
                                    sling:resourceType="granite/ui/components/foundation/container"
                                    class="foundation-layout-util-vmargin">
                                    <items jcr:primaryType="nt:unstructured">
                                        <heading
                                            jcr:primaryType="nt:unstructured"
                                            sling:resourceType="granite/ui/components/foundation/heading"
                                            class="coral-Heading coral-Heading--4"
                                            level="{Long}4"
                                            text="CTA"/>
                                        <well
                                            jcr:primaryType="nt:unstructured"
                                            sling:resourceType="granite/ui/components/foundation/container">
                                            <layout
                                                jcr:primaryType="nt:unstructured"
                                                sling:resourceType="granite/ui/components/foundation/layouts/well"/>
                                            <items jcr:primaryType="nt:unstructured">
                                                <phaseWelcomeNextPageButtonInfo
                                                    jcr:primaryType="nt:unstructured"
                                                    sling:resourceType="granite/ui/components/foundation/form/textfield"
                                                    fieldLabel="Button Description Text"
                                                    name="./phaseWelcomeNextPageButtonInfo"/>
                                                <phaseWelcomeNextPageButton
                                                    jcr:primaryType="nt:unstructured"
                                                    sling:resourceType="granite/ui/components/foundation/form/textfield"
                                                    fieldLabel="Button Text"
                                                    name="./phaseWelcomeNextPageButton"/>
                                            </items>
                                        </well>
                                      </items>
                                </viewWelcomeCTA>
                            </items>
                        </columns>
                    </items>
                </columns>
            </items>
        </tab1>

        <!--TAB 2-->
        <tab2
            jcr:primaryType="nt:unstructured"
            jcr:title="Credit Check"
            sling:resourceType="granite/ui/components/foundation/container">
            <layout
                jcr:primaryType="nt:unstructured"
                sling:resourceType="granite/ui/components/foundation/layouts/fixedcolumns"/>
            <items jcr:primaryType="nt:unstructured">
                <columns
                    jcr:primaryType="nt:unstructured"
                    sling:resourceType="granite/ui/components/foundation/container">
                    <items jcr:primaryType="nt:unstructured">
                        <phaseCreditTabCopy
                            jcr:primaryType="nt:unstructured"
                            sling:resourceType="granite/ui/components/foundation/form/textfield"
                            fieldLabel="Header Text (Left Side)"
                            name="./phaseCreditTabCopy"/>
                        <phaseCreditTabCopyButton
                            jcr:primaryType="nt:unstructured"
                            sling:resourceType="granite/ui/components/foundation/form/textfield"
                            fieldLabel="Back Link Text"
                            name="./phaseCreditTabCopyButton"/>
                        <phaseCreditHeadText
                            jcr:primaryType="nt:unstructured"
                            sling:resourceType="granite/ui/components/foundation/form/textfield"
                            fieldLabel="Question for User"
                            name="./phaseCreditHeadText"/>
                        <phaseCreditHeadTextToolTip
                            jcr:primaryType="nt:unstructured"
                            sling:resourceType="granite/ui/components/foundation/form/textfield"
                            fieldLabel="Question Tool Tip"
                            name="./phaseCreditHeadTextToolTip"/>
                        <partOne
                            jcr:primaryType="nt:unstructured"
                            jcr:title="Customer Path"
                            sling:resourceType="granite/ui/components/foundation/form/fieldset"/>
                        <phaseCreditOptionKey1
                            jcr:primaryType="nt:unstructured"
                            sling:resourceType="granite/ui/components/foundation/form/textfield"
                            fieldLabel="Check Now Label"
                            name="./phaseCreditOptionKey1"/>
                        <phaseCreditOptionKeySubtext1
                            jcr:primaryType="nt:unstructured"
                            sling:resourceType="granite/ui/components/foundation/form/textfield"
                            fieldLabel="Check Now Description Text"
                            name="./phaseCreditOptionKeySubtext1"/>
                        <phaseCreditOptionKey2
                            jcr:primaryType="nt:unstructured"
                            sling:resourceType="granite/ui/components/foundation/form/textfield"
                            fieldLabel="Check After Shopping Label"
                            name="./phaseCreditOptionKey2"/>
                        <phaseCreditOptionKeySubtext2
                            jcr:primaryType="nt:unstructured"
                            sling:resourceType="granite/ui/components/foundation/form/textfield"
                            fieldLabel="Check After Shopping Description Text"
                            name="./phaseCreditOptionKeySubtext2"/>
                        <phaseCreditMessageWarning
                            jcr:primaryType="nt:unstructured"
                            sling:resourceType="granite/ui/components/foundation/form/textfield"
                            fieldLabel="Notification Box Warning Text"
                            name="./phaseCreditMessageWarning"/>
                        <phaseCreditMessage
                            jcr:primaryType="nt:unstructured"
                            sling:resourceType="granite/ui/components/foundation/form/textfield"
                            fieldLabel="Notification Box Message Text"
                            name="./phaseCreditMessage"/>
                        <phaseTipCopy2
                            jcr:primaryType="nt:unstructured"
                            sling:resourceType="granite/ui/components/foundation/form/textfield"
                            fieldLabel="Notification Box Tool Tip"
                            name="./phaseCreditTipCopy2"/>
                        <phaseCreditNextPageButtonInfo
                            jcr:primaryType="nt:unstructured"
                            sling:resourceType="granite/ui/components/foundation/form/textfield"
                            fieldLabel="Info for the Next button Label"
                            name="./phaseCreditNextPageButtonInfo"/>
                        <phaseCreditNextPageButton
                            jcr:primaryType="nt:unstructured"
                            sling:resourceType="granite/ui/components/foundation/form/textfield"
                            fieldLabel="Next Button Label Text"
                            name="./phaseCreditNextPageButton"/>
                    </items>
                </columns>
            </items>
        </tab2>

        <!--TAB 3-->
        <tab3
            jcr:primaryType="nt:unstructured"
            jcr:title="Modal Loader"
            sling:resourceType="granite/ui/components/foundation/container">
            <layout
                jcr:primaryType="nt:unstructured"
                sling:resourceType="granite/ui/components/foundation/layouts/fixedcolumns"/>
            <items jcr:primaryType="nt:unstructured">
                <columns
                    jcr:primaryType="nt:unstructured"
                    sling:resourceType="granite/ui/components/foundation/container">
                    <items jcr:primaryType="nt:unstructured">
                        <modalLoaderHeadText
                            jcr:primaryType="nt:unstructured"
                            sling:resourceType="granite/ui/components/foundation/form/textfield"
                            fieldLabel="Modal Loader Header Text"
                            name="./modalLoaderHeadText"/>
                    </items>
                </columns>
            </items>
        </tab3>

        <!--TAB 4-->
        <tab4
            jcr:primaryType="nt:unstructured"
            jcr:title="Modal Chat"
            sling:resourceType="granite/ui/components/foundation/container">
        <layout
            jcr:primaryType="nt:unstructured"
            sling:resourceType="granite/ui/components/foundation/layouts/fixedcolumns"/>
            <items jcr:primaryType="nt:unstructured">
                <columns jcr:primaryType="nt:unstructured"
                         sling:resourceType="granite/ui/components/foundation/container">
                    <items jcr:primaryType="nt:unstructured">
                        <modalChatHeadText
                            jcr:primaryType="nt:unstructured"
                            sling:resourceType="granite/ui/components/foundation/form/textfield"
                            fieldLabel="Header Text"
                            name="./modalChatHeadText"/>
                        <modalChatMessage
                            jcr:primaryType="nt:unstructured"
                            sling:resourceType="granite/ui/components/foundation/form/textfield"
                            fieldLabel="Information Text"
                            name="./modalChatMessage"/>
                        <modalNoChatButton
                            jcr:primaryType="nt:unstructured"
                            sling:resourceType="granite/ui/components/foundation/form/textfield"
                            fieldLabel="Skip Chat Button Label"
                            name="./modalNoChatButton"/>

                        <modalChatStatusMessaging
                            jcr:primaryType="nt:unstructured"
                            jcr:title="Status Messaging"
                            sling:resourceType="granite/ui/components/foundation/form/fieldset"/>
                        <field
                            jcr:primaryType="nt:unstructured"
                            sling:resourceType="granite/ui/components/foundation/form/fieldset"
                            acs-commons-nested="JSON_STORE"
                            name="./modalChatStatusMessages">
                            <layout
                                jcr:primaryType="nt:unstructured"
                                sling:resourceType="granite/ui/components/foundation/layouts/fixedcolumns"
                                method="absolute"/>
                            <items jcr:primaryType="nt:unstructured">
                                <column
                                        jcr:primaryType="nt:unstructured"
                                        sling:resourceType="granite/ui/components/foundation/container">
                                    <items jcr:primaryType="nt:unstructured">
                                        <ready
                                            jcr:primaryType="nt:unstructured"
                                            sling:resourceType="granite/ui/components/foundation/form/textfield"
                                            fieldLabel="Ready"
                                            name="./ready"/>
                                        <busy
                                            jcr:primaryType="nt:unstructured"
                                            sling:resourceType="granite/ui/components/foundation/form/textfield"
                                            fieldLabel="Busy"
                                            name="./busy"/>
                                        <unavailable
                                            jcr:primaryType="nt:unstructured"
                                            sling:resourceType="granite/ui/components/foundation/form/textfield"
                                            fieldLabel="Unavailable"
                                            name="./unavailable"/>
                                    </items>
                                </column>
                            </items>
                        </field>
                    </items>
                </columns>
            </items>
        </tab4>

        <!--TAB 5-->
        <tab5
            jcr:primaryType="nt:unstructured"
            jcr:title="Results"
            sling:resourceType="granite/ui/components/foundation/container">
            <layout
                jcr:primaryType="nt:unstructured"
                sling:resourceType="granite/ui/components/foundation/layouts/fixedcolumns"/>
            <items jcr:primaryType="nt:unstructured">
                <columns jcr:primaryType="nt:unstructured"
                         sling:resourceType="granite/ui/components/foundation/container">
                    <items jcr:primaryType="nt:unstructured">
                        <phaseResultsTabCopy
                            jcr:primaryType="nt:unstructured"
                            sling:resourceType="granite/ui/components/foundation/form/textfield"
                            fieldLabel="Header Text (Left Side)"
                            name="./phaseResultsTabCopy"/>
                        <phaseResultsHeadText
                            jcr:primaryType="nt:unstructured"
                            sling:resourceType="granite/ui/components/foundation/form/textfield"
                            fieldLabel="Results Header Text"
                            name="./phaseResultsHeadText"/>
                        <phaseResultsMessage
                            jcr:primaryType="nt:unstructured"
                            sling:resourceType="granite/ui/components/foundation/form/textfield"
                            fieldLabel="Results Content Text"
                            name="./phaseResultsMessage"/>
                        <phaseResultsButton
                            jcr:primaryType="nt:unstructured"
                            sling:resourceType="granite/ui/components/foundation/form/textfield"
                            fieldLabel="Button Label Text"
                            name="./phaseResultsButton"/>
                    </items>
                </columns>
            </items>
        </tab5>

        <!--TAB 6-->
        <tab6
            jcr:primaryType="nt:unstructured"
            jcr:title="Error and User Messages"
            sling:resourceType="granite/ui/components/foundation/container">
            <layout
                jcr:primaryType="nt:unstructured"
                sling:resourceType="granite/ui/components/foundation/layouts/fixedcolumns"/>
            <items jcr:primaryType="nt:unstructured">
                <columns
                    jcr:primaryType="nt:unstructured"
                    sling:resourceType="granite/ui/components/foundation/container">
                    <items jcr:primaryType="nt:unstructured">
                        <errorSection
                            jcr:primaryType="nt:unstructured"
                            jcr:title="Error Messages"
                            sling:resourceType="granite/ui/components/foundation/form/fieldset"
                            fieldDescription="Application level errors for"
                            acs-commons-nested="JSON_STORE"
                            name="./errorMessages">
                            <layout
                                jcr:primaryType="nt:unstructured"
                                sling:resourceType="granite/ui/components/foundation/layouts/fixedcolumns"
                                method="absolute"/>
                            <items jcr:primaryType="nt:unstructured">
                                <column
                                        jcr:primaryType="nt:unstructured"
                                        sling:resourceType="granite/ui/components/foundation/container">
                                    <items jcr:primaryType="nt:unstructured">
                                        <errorsManualCreditCheck
                                            jcr:primaryType="nt:unstructured"
                                            sling:resourceType="granite/ui/components/foundation/form/textfield"
                                            fieldLabel="Manual Credit Check"
                                            name="./MANUAL_CREDIT_CHECK"/>
                                        <errorsTerminatedCreditScore
                                            jcr:primaryType="nt:unstructured"
                                            sling:resourceType="granite/ui/components/foundation/form/textfield"
                                            fieldLabel="Term Credit Score"
                                            name="./TERMINATED_CREDIT_SCORE"/>
                                        <errorsAddressCorrected
                                            jcr:primaryType="nt:unstructured"
                                            sling:resourceType="granite/ui/components/foundation/form/textfield"
                                            fieldLabel="Address Corrected"
                                            name="./ADDRESS_CORRECTED"/>
                                        <errorsFinanceChat
                                            jcr:primaryType="nt:unstructured"
                                            sling:resourceType="granite/ui/components/foundation/form/textfield"
                                            fieldLabel="Finance Chat"
                                            name="./ELIGIBLE_FOR_FINANCE_CHAT"/>
                                        <errorsInvalidField
                                            jcr:primaryType="nt:unstructured"
                                            sling:resourceType="granite/ui/components/foundation/form/textfield"
                                            fieldLabel="Invalid Field"
                                            name="./INVALID_FIELD"/>
                                        <errorsDefault
                                            jcr:primaryType="nt:unstructured"
                                            sling:resourceType="granite/ui/components/foundation/form/textfield"
                                            fieldLabel="Default"
                                            name="./DEFAULT"/>
                                    </items>
                                </column>
                            </items>
                        </errorSection>

                        <userSection
                            jcr:primaryType="nt:unstructured"
                            jcr:title="User Messages"
                            sling:resourceType="granite/ui/components/foundation/form/fieldset"
                            fieldDescription="User level messages for various actions"
                            acs-commons-nested="JSON_STORE"
                            name="./errorUserMessages">
                            <layout
                                jcr:primaryType="nt:unstructured"
                                sling:resourceType="granite/ui/components/foundation/layouts/fixedcolumns"
                                method="absolute"/>
                            <items jcr:primaryType="nt:unstructured">
                                <column
                                    jcr:primaryType="nt:unstructured"
                                    sling:resourceType="granite/ui/components/foundation/container">
                                    <items jcr:primaryType="nt:unstructured">
                                        <errorsChatComplete
                                            jcr:primaryType="nt:unstructured"
                                            sling:resourceType="granite/ui/components/foundation/form/textfield"
                                            fieldLabel="Chat Complete"
                                            name="./CHAT_COMPLETE"/>
                                        <errorsDefault
                                            jcr:primaryType="nt:unstructured"
                                            sling:resourceType="granite/ui/components/foundation/form/textfield"
                                            fieldLabel="Default"
                                            name="./DEFAULT"/>
                                    </items>
                                </column>
                            </items>
                        </userSection>
                    </items>
                </columns>
            </items>
        </tab6>

        <!--TAB 7-->
        <tab7
            jcr:primaryType="nt:unstructured"
            jcr:title="Misc."
            sling:resourceType="granite/ui/components/foundation/container">
            <layout
                jcr:primaryType="nt:unstructured"
                sling:resourceType="granite/ui/components/foundation/layouts/fixedcolumns"/>
            <items jcr:primaryType="nt:unstructured">
                <columns
                    jcr:primaryType="nt:unstructured"
                    sling:resourceType="granite/ui/components/foundation/container">
                    <items jcr:primaryType="nt:unstructured">
                        <showSSNpath
                            jcr:primaryType="nt:unstructured"
                            sling:resourceType="granite/ui/components/foundation/form/checkbox"
                            fieldLabel="Check this to activate the SSN credit check path."
                            text="Activate SSN Path"
                            name="./showSSNpath"
                            value="{Boolean}true"/>
                        <userInfoConfiguration
                            jcr:primaryType="nt:unstructured"
                            jcr:title="UserInfo configurable"
                            sling:resourceType="granite/ui/components/foundation/form/fieldset"/>
                            <field
                                jcr:primaryType="nt:unstructured"
                                sling:resourceType="granite/ui/components/foundation/form/fieldset"
                                acs-commons-nested="JSON_STORE"
                                name="./userInfo">
                                <layout
                                    jcr:primaryType="nt:unstructured"
                                    sling:resourceType="granite/ui/components/foundation/layouts/fixedcolumns"
                                    method="absolute"/>
                                <items jcr:primaryType="nt:unstructured">
                                    <column
                                        jcr:primaryType="nt:unstructured"
                                        sling:resourceType="granite/ui/components/foundation/container">
                                        <items jcr:primaryType="nt:unstructured">
                                            <accountType
                                                jcr:primaryType="nt:unstructured"
                                                sling:resourceType="granite/ui/components/foundation/form/textfield"
                                                fieldLabel="AccountType"
                                                name="./accountType"/>
                                            <accountSubType
                                                jcr:primaryType="nt:unstructured"
                                                sling:resourceType="granite/ui/components/foundation/form/textfield"
                                                fieldLabel="AccountSubType"
                                                name="./accountSubType"/>
                                            <corpID
                                                jcr:primaryType="nt:unstructured"
                                                sling:resourceType="granite/ui/components/foundation/form/textfield"
                                                fieldLabel="CorpID"
                                                name="./corpID"/>
                                        </items>
                                    </column>
                                </items>
                            </field>
                        <shopTargetUrlList
                            jcr:primaryType="nt:unstructured"
                            jcr:title="Shop Target URL List"
                            sling:resourceType="granite/ui/components/foundation/section">
                            <layout
                                jcr:primaryType="nt:unstructured"
                                sling:resourceType="granite/ui/components/foundation/layouts/fixedcolumns"
                                margin="{Boolean}false"/>
                                <items jcr:primaryType="nt:unstructured">
                                    <column
                                        jcr:primaryType="nt:unstructured"
                                        sling:resourceType="granite/ui/components/foundation/container">
                                        <items jcr:primaryType="nt:unstructured">
                                        <shoptargeturllist
                                            jcr:primaryType="nt:unstructured"
                                            sling:resourceType="granite/ui/components/foundation/form/multifield"
                                            class="full-width"
                                            fieldDescription="Add query parameters and their corresponding URLs for shop target redirect by device type."
                                            fieldLabel="Shop Target URL List">
                                            <field
                                                jcr:primaryType="nt:unstructured"
                                                sling:resourceType="granite/ui/components/foundation/form/fieldset"
                                                acs-commons-nested="JSON_STORE"
                                                name="./shopTargetUrlList">
                                            <layout
                                              jcr:primaryType="nt:unstructured"
                                              sling:resourceType="granite/ui/components/foundation/layouts/fixedcolumns"
                                              method="absolute"/>
                                            <items jcr:primaryType="nt:unstructured">
                                                <column
                                                    jcr:primaryType="nt:unstructured"
                                                    sling:resourceType="granite/ui/components/foundation/container">
                                                    <items jcr:primaryType="nt:unstructured">
                                                        <queryParameter
                                                            jcr:primaryType="nt:unstructured"
                                                            sling:resourceType="granite/ui/components/foundation/form/textfield"
                                                            fieldLabel="Query Parameter"
                                                            name="./queryParameter"/>
                                                        <shoptargeturl
                                                            jcr:primaryType="nt:unstructured"
                                                            sling:resourceType="granite/ui/components/foundation/form/textfield"
                                                            fieldLabel="Target URL"
                                                            name="./shopTargetUrl"/>
                                                    </items>
                                                </column>
                                            </items>
                                          </field>
                                        </shoptargeturllist>
                                    </items>
                                </column>
                            </items>
                        </shopTargetUrlList>
                    </items>
              </columns>
            </items>
        </tab7>

        <!--Analytics Tab-->
        <analytics
            jcr:primaryType="nt:unstructured"
            jcr:title="Analytics"
            sling:resourceType="granite/ui/components/foundation/container">
            <layout
                jcr:primaryType="nt:unstructured"
                sling:resourceType="granite/ui/components/foundation/layouts/fixedcolumns"/>
            <items jcr:primaryType="nt:unstructured">
                <columns
                    jcr:primaryType="nt:unstructured"
                    sling:resourceType="granite/ui/components/foundation/container">
                    <items jcr:primaryType="nt:unstructured">
                        <analyticsSection
                            jcr:primaryType="nt:unstructured"
                            sling:resourceType="granite/ui/components/foundation/form/fieldset"
                            acs-commons-nested="JSON_STORE"
                            name="./analytics">
                        <layout
                            jcr:primaryType="nt:unstructured"
                            sling:resourceType="granite/ui/components/foundation/layouts/fixedcolumns"
                            method="absolute"/>
                        <items jcr:primaryType="nt:unstructured">
                            <column
                                jcr:primaryType="nt:unstructured"
                                sling:resourceType="granite/ui/components/foundation/container">
                                <items jcr:primaryType="nt:unstructured">
                                    <welcome
                                        jcr:primaryType="nt:unstructured"
                                        sling:resourceType="granite/ui/components/foundation/form/textfield"
                                        fieldLabel="Step 1:TrackPage"
                                        name="./welcome"/>
                                    <credit
                                        jcr:primaryType="nt:unstructured"
                                        sling:resourceType="granite/ui/components/foundation/form/textfield"
                                        fieldLabel="Step 2:TrackPage"
                                        name="./credit"/>
                                    <creditOpenForm
                                        jcr:primaryType="nt:unstructured"
                                        sling:resourceType="granite/ui/components/foundation/form/textfield"
                                        fieldLabel="Step 2:TrackPage Open Form"
                                        name="./creditOpenForm"/>
                                    <results
                                        jcr:primaryType="nt:unstructured"
                                        sling:resourceType="granite/ui/components/foundation/form/textfield"
                                        fieldLabel="Step 3:TrackPage"
                                        name="./results"/>
                                    <analyticsModalloader
                                        jcr:primaryType="nt:unstructured"
                                        sling:resourceType="granite/ui/components/foundation/form/textfield"
                                        fieldLabel="Loading Modal"
                                        name="./analyticsModalloader"/>
                                    <analyticsModalChat
                                        jcr:primaryType="nt:unstructured"
                                        sling:resourceType="granite/ui/components/foundation/form/textfield"
                                        fieldLabel="Chat Modal"
                                        name="./analyticsModalChat"/>
                                    </items>
                                </column>
                            </items>
                          </analyticsSection>
                        </items>
                    </columns>
                </items>
            </analytics>
        </items>
    </content>
</jcr:root>
